elapsed,OS,CPU,CPU_OS,RAM,RAM_OS,SWAP_OS,I/O_output,I/O_input
0.0,Linux,0.0,0.0,110.21484375,1829.765625,1425.65234375,0.0,0.0
1.002,Linux,82.9,19.5,241.625,1953.0234375,1425.58984375,0.03125,11.16796875
2.003,Linux,71.9,10.5,716.7578125,2422.27734375,1425.5859375,0.0,365.5
3.004,Linux,88.9,12.8,831.92578125,2500.98046875,1425.5859375,0.0,228.73046875
4.005,Linux,93.9,13.1,872.63671875,2535.65625,1425.5859375,0.0,91.11328125
5.005,Linux,90.9,18.3,915.19140625,2611.765625,1425.5859375,0.015625,138.78125
6.007,Linux,106.9,15.8,1024.95703125,2721.0859375,1425.5859375,0.00390625,0.01171875
7.008,Linux,94.9,16.3,1048.7578125,2727.03515625,1425.5859375,0.01171875,2.9453125
8.01,Linux,30.0,8.9,1048.78515625,2720.76171875,1425.5859375,0.0078125,0.0
9.011,Linux,42.9,11.3,1054.8984375,2724.99609375,1425.5859375,0.00390625,0.0
10.013,Linux,48.9,12.6,1067.921875,2738.48828125,1425.58203125,0.0078125,0.0
11.015,Linux,38.9,10.5,1067.921875,2736.953125,1425.58203125,0.00390625,0.0
12.016,Linux,51.9,12.7,1067.94921875,2739.8046875,1425.58203125,0.0078125,0.01171875
13.018,Linux,40.9,11.8,1067.953125,2738.7578125,1425.58203125,0.00390625,0.12109375
14.019,Linux,46.9,13.5,1067.953125,2735.2265625,1425.58203125,0.0078125,0.0
15.021,Linux,47.9,12.8,1067.953125,2729.75,1425.58203125,0.01171875,0.03515625
16.023,Linux,34.9,9.8,1067.953125,2724.80859375,1425.58203125,0.00390625,0.12109375
17.025,Linux,60.9,11.8,1067.95703125,2721.32421875,1425.34765625,0.0078125,0.01953125
18.026,Linux,65.9,12.5,1069.19921875,2718.6015625,1425.34375,0.00390625,0.01953125
19.028,Linux,44.9,11.2,1069.375,2716.9296875,1425.3359375,0.0078125,0.0
20.029,Linux,51.9,18.2,1072.234375,2793.48828125,1425.328125,0.0703125,2.10546875
21.03,Linux,47.9,45.9,1072.234375,3020.7734375,1423.79296875,0.00390625,0.0
22.032,Linux,45.9,47.6,1072.234375,3025.61328125,1417.71484375,0.00390625,0.0
23.034,Linux,38.9,36.8,1072.234375,3206.95703125,1417.65625,0.00390625,0.0
24.035,Linux,47.9,38.4,1072.234375,3298.42578125,1417.65625,0.00390625,0.0
25.037,Linux,43.9,38.4,1072.24609375,3306.24609375,1417.65625,0.00390625,0.0
26.038,Linux,44.9,36.3,1072.25,3317.9140625,1417.65625,0.00390625,0.09375
27.04,Linux,41.9,36.0,1072.25390625,3315.1015625,1417.65625,0.00390625,0.09375
28.041,Linux,46.9,37.8,1072.25390625,3350.40625,1417.65625,0.00390625,0.0
29.043,Linux,47.9,36.9,1072.25390625,3415.46484375,1417.65625,0.00390625,0.0625
30.045,Linux,44.9,36.1,1072.25390625,3462.5546875,1417.65234375,0.00390625,0.0
31.047,Linux,48.9,37.2,1072.2578125,3560.11328125,1417.65234375,0.00390625,0.09375
32.05,Linux,44.9,36.5,1072.2578125,3633.76953125,1417.65234375,0.00390625,0.09375
33.052,Linux,49.9,37.6,1072.26171875,3712.4453125,1417.65234375,0.00390625,0.00390625
34.053,Linux,51.9,38.1,1072.26171875,3806.0703125,1417.65234375,0.0078125,0.0
35.055,Linux,50.9,39.2,1072.26171875,3877.8671875,1417.65234375,0.00390625,0.0
36.057,Linux,52.9,39.8,1072.26171875,3939.69921875,1417.65234375,0.00390625,0.1484375
37.058,Linux,48.9,39.1,1072.265625,3997.734375,1417.65234375,0.0078125,0.0625
38.06,Linux,52.9,38.9,1072.265625,4065.30859375,1417.65234375,0.00390625,0.015625
39.062,Linux,49.9,37.9,1072.265625,4093.2265625,1417.65234375,0.00390625,0.0
40.063,Linux,41.9,35.6,1072.25390625,4271.28515625,1417.6875,0.00390625,0.03125
41.065,Linux,47.9,36.8,1072.19140625,4365.30078125,1417.6875,0.00390625,0.1015625
42.066,Linux,38.9,35.2,1072.140625,4410.12109375,1417.6875,0.00390625,0.0
43.068,Linux,39.9,35.4,1071.9921875,4494.5078125,1417.6875,0.00390625,0.0
44.069,Linux,39.9,35.2,1071.9921875,4586.15625,1417.68359375,0.0078125,0.03125
45.071,Linux,39.9,35.3,1056.6015625,4655.1875,1426.19140625,0.00390625,0.015625
46.073,Linux,37.9,35.4,1036.70703125,4726.7421875,1426.19140625,0.00390625,0.21875
47.074,Linux,44.9,36.1,1036.6328125,4751.3671875,1426.19140625,0.01171875,0.09765625
48.076,Linux,43.9,36.1,1036.5234375,4786.421875,1446.12890625,0.00390625,0.03125
49.077,Linux,44.9,25.5,1008.87890625,4812.16796875,1519.046875,0.0078125,0.0625
50.079,Linux,41.9,24.6,951.6875,4805.79296875,1576.25,0.00390625,0.0625
51.081,Linux,47.9,22.8,950.37890625,4799.96484375,1577.5390625,0.00390625,0.09375
52.083,Linux,45.9,14.2,949.06640625,4795.31640625,1580.3671875,0.0078125,2.8203125
53.084,Linux,80.9,17.4,940.2109375,4781.17578125,1594.8046875,0.27734375,19.9296875
54.086,Linux,74.9,13.4,939.46484375,4776.96875,1598.09375,0.0078125,41.90625
55.087,Linux,68.9,12.5,938.02734375,4773.65234375,1599.9375,0.0078125,58.97314453125
56.089,Linux,69.9,12.4,937.73046875,4771.5,1600.29296875,0.0,22.7578125
57.09,Linux,85.9,15.3,937.7734375,4769.73046875,1600.27734375,0.0,18.02734375
58.092,Linux,82.9,15.4,906.6171875,4734.43359375,1631.9140625,0.0,125.953125
59.093,Linux,92.9,16.5,894.25390625,4719.25,1664.71484375,0.0,59.2890625
60.094,Linux,85.9,15.3,874.25390625,4704.546875,1708.546875,0.0,83.51171875
61.095,Linux,95.9,16.8,863.56640625,4694.72265625,1740.83203125,0.0,52.0546875
62.096,Linux,93.9,16.3,850.27734375,4683.13671875,1802.546875,0.0,52.01171875
63.098,Linux,94.8,16.5,835.9453125,4667.875,1841.59375,0.0,56.6796875
64.1,Linux,95.8,16.8,821.59375,4653.09375,1900.05078125,0.0,53.328125
65.102,Linux,94.9,16.4,799.5859375,4635.16796875,1966.7421875,0.0,49.66796875
66.103,Linux,94.9,16.5,754.2734375,4595.0625,2037.44140625,0.0,44.5390625
67.105,Linux,95.8,16.5,708.80859375,4552.5625,2120.87109375,0.0,45.68359375
68.106,Linux,92.8,16.1,666.3515625,4515.953125,2172.921875,0.0,39.62890625
69.108,Linux,92.8,16.1,662.72265625,4483.43359375,2234.65625,0.0,39.94921875
70.11,Linux,93.8,16.8,680.91015625,4446.17578125,2293.203125,0.0,44.296875
71.111,Linux,92.9,16.6,701.3828125,4410.359375,2353.703125,0.0,40.33984375
72.113,Linux,92.9,15.8,755.96484375,4371.08203125,2449.53125,0.0,41.45703125
73.114,Linux,97.8,17.0,799.69921875,4310.05078125,2552.30078125,0.0,40.55078125
74.116,Linux,107.8,17.7,809.2421875,4300.671875,2562.88671875,0.015625,1.35546875
75.117,Linux,107.9,17.5,809.2421875,4297.15625,2562.8671875,0.0,0.0
76.118,Linux,108.9,17.0,809.2421875,4294.1171875,2562.85546875,0.0,0.0
77.119,Linux,107.9,17.3,809.2421875,4292.203125,2562.77734375,0.0,0.0
78.12,Linux,108.9,18.9,820.4375,4287.546875,2574.31640625,0.0,0.7109375
79.121,Linux,107.9,17.0,820.4375,4285.7578125,2574.31640625,0.0,0.0
80.123,Linux,106.8,17.1,820.4375,4283.82421875,2574.3125,0.0,0.0
81.124,Linux,107.9,16.9,820.4375,4282.984375,2574.30859375,0.0,0.0
82.125,Linux,109.9,17.6,821.08203125,4273.71484375,2579.1484375,0.0,2.04296875
83.127,Linux,107.9,17.4,821.08203125,4273.72265625,2579.12890625,0.0,0.0
84.128,Linux,107.8,17.5,821.08203125,4273.9453125,2579.12890625,0.0,0.0
85.129,Linux,107.9,17.1,821.08203125,4273.9453125,2579.05859375,0.0,0.0
86.131,Linux,108.9,17.6,822.93359375,4267.8515625,2579.10546875,0.0,4.734375
87.132,Linux,107.9,17.1,822.9453125,4268.26953125,2579.08984375,0.0,0.0
88.133,Linux,106.9,17.4,822.9453125,4268.32421875,2579.08984375,0.0,0.0
89.135,Linux,108.9,17.2,822.9453125,4268.32421875,2579.08984375,0.0,0.0
90.136,Linux,107.9,17.4,822.9453125,4268.32421875,2579.08984375,0.0,0.0
91.137,Linux,107.9,17.4,822.9453125,4268.31640625,2579.08984375,0.0,0.0
92.138,Linux,107.9,17.2,822.9453125,4268.125,2579.08984375,0.0,0.0
93.14,Linux,132.8,28.6,853.5390625,4240.9609375,2624.7734375,0.01171875,32.97265625
94.141,Linux,139.8,31.6,861.06640625,4221.75390625,2640.60546875,0.00390625,21.0234375
95.142,Linux,88.9,21.2,861.4609375,4224.12890625,2639.9375,0.00390625,0.19921875
96.144,Linux,91.8,22.3,861.953125,4218.47265625,2640.03125,0.0078125,0.984375
97.146,Linux,91.8,22.7,862.40625,4219.01953125,2641.2890625,0.00390625,0.79296875
98.148,Linux,90.9,22.6,862.41796875,4212.73046875,2643.4765625,0.00390625,2.6484375
99.15,Linux,91.8,23.4,862.453125,4212.73828125,2644.21875,0.00390625,0.44921875
100.152,Linux,90.8,23.4,862.46484375,4212.78515625,2644.6640625,0.00390625,0.73828125
101.154,Linux,91.8,22.9,862.53125,4212.79296875,2644.36328125,0.00390625,0.22265625
102.156,Linux,89.8,22.7,862.53515625,4212.921875,2644.31640625,0.00390625,0.015625
103.157,Linux,85.9,21.9,862.54296875,4212.9140625,2644.3046875,0.00390625,0.015625
104.158,Linux,88.9,22.8,862.546875,4212.90625,2644.30078125,0.00390625,0.125
105.16,Linux,87.9,21.9,862.5703125,4212.4921875,2645.41015625,0.00390625,0.37890625
106.161,Linux,87.9,22.2,862.58984375,4208.2421875,2646.83984375,0.00390625,1.234375
107.163,Linux,87.8,21.8,862.68359375,4207.9765625,2647.45703125,0.00390625,0.703125
108.165,Linux,88.9,22.3,862.79296875,4211.921875,2648.11328125,0.00390625,0.328125
109.167,Linux,96.8,23.3,865.0546875,4210.41015625,2652.04296875,0.00390625,2.49609375
110.168,Linux,90.9,23.4,865.15625,4207.296875,2652.64453125,0.00390625,0.11328125
111.17,Linux,97.8,23.1,871.421875,4206.1640625,2654.79296875,0.00390625,7.84375
112.171,Linux,102.9,24.1,875.16015625,4203.19921875,2656.69921875,0.00390625,5.3671875
113.173,Linux,88.9,22.2,875.22265625,4203.23828125,2656.66796875,0.00390625,0.1875
114.174,Linux,86.9,22.0,875.421875,4203.265625,2656.93359375,0.0078125,0.69140625
115.175,Linux,89.8,21.8,875.42578125,4203.26953125,2656.921875,0.00390625,0.0
116.178,Linux,91.8,22.8,875.484375,4203.1171875,2656.91015625,0.00390625,0.203125
117.179,Linux,89.9,22.7,875.50390625,4202.33203125,2659.4140625,0.00390625,1.5859375
118.18,Linux,86.9,22.8,875.51171875,4202.328125,2659.39453125,0.00390625,0.015625
119.181,Linux,85.9,22.2,875.515625,4202.28125,2659.390625,0.00390625,0.03515625
120.183,Linux,84.8,22.7,875.515625,4202.54296875,2659.390625,0.0078125,0.125
121.185,Linux,87.8,22.7,875.515625,4202.62890625,2660.16015625,0.00390625,0.54296875
122.187,Linux,81.9,21.8,875.51953125,4202.625,2660.125,0.00390625,0.0
123.188,Linux,81.9,20.7,875.57421875,4203.06640625,2660.09765625,0.00390625,0.08203125
124.19,Linux,83.9,22.9,875.58203125,4203.03125,2660.08984375,0.0078125,0.01171875
125.191,Linux,88.9,23.8,875.6640625,4202.12109375,2660.42578125,0.00390625,0.203125
126.192,Linux,86.9,22.9,875.78515625,4201.953125,2661.0625,0.00390625,0.328125
127.193,Linux,91.9,23.2,875.78515625,4201.94140625,2661.42578125,0.00390625,0.0
128.194,Linux,87.9,23.0,875.78515625,4199.85546875,2661.41796875,0.00390625,0.0
129.195,Linux,88.9,22.8,875.7890625,4204.10546875,2661.4765625,0.00390625,0.47265625
130.197,Linux,88.9,22.3,875.7890625,4204.0390625,2661.47265625,0.00390625,0.0625
131.198,Linux,92.9,23.5,875.80078125,4203.94140625,2662.07421875,0.00390625,0.21875
132.199,Linux,89.9,22.6,875.80078125,4204.50390625,2663.1796875,0.00390625,0.21875
133.201,Linux,87.9,23.0,875.80078125,4204.74609375,2663.01953125,0.00390625,0.0
134.203,Linux,91.8,23.8,878.42578125,4199.15234375,2670.9296875,0.00390625,0.38671875
135.204,Linux,92.8,23.1,879.75390625,4201.6796875,2670.72265625,0.00390625,0.078125
136.206,Linux,85.8,22.6,879.75390625,4201.65625,2670.57421875,0.00390625,0.578125
137.207,Linux,93.9,23.7,879.77734375,4197.65234375,2670.49609375,0.00390625,0.0625
138.209,Linux,95.9,23.1,879.77734375,4197.87890625,2670.34765625,0.00390625,0.015625
139.211,Linux,84.8,22.0,879.77734375,4197.875,2670.26953125,0.00390625,0.0
140.213,Linux,91.8,23.0,879.78125,4197.87109375,2670.25,0.00390625,0.0
141.215,Linux,92.8,23.1,879.78125,4197.8203125,2670.25,0.00390625,0.046875
142.217,Linux,92.8,24.7,879.78125,4192.91015625,2671.16015625,0.00390625,3.12109375
143.219,Linux,89.8,22.8,879.78125,4192.90625,2671.16015625,0.00390625,0.0
144.221,Linux,92.8,23.1,879.80859375,4196.90234375,2671.13671875,0.00390625,0.13671875
145.223,Linux,91.8,23.2,879.80859375,4196.171875,2671.7265625,0.00390625,0.25
146.225,Linux,87.8,25.1,879.80859375,4196.16796875,2671.72265625,0.0078125,0.0
147.227,Linux,83.9,22.7,879.80859375,4196.16015625,2671.72265625,0.00390625,0.0
148.228,Linux,92.9,23.5,879.94921875,4196.328125,2672.4765625,0.00390625,0.078125
149.229,Linux,85.9,22.7,879.94921875,4196.3203125,2672.47265625,0.00390625,0.0
150.231,Linux,87.9,23.7,879.95703125,4196.5625,2672.46875,0.00390625,0.0
151.232,Linux,87.9,22.4,879.95703125,4196.68359375,2672.46484375,0.0078125,0.1171875
152.233,Linux,86.9,22.8,879.95703125,4196.65234375,2672.46484375,0.00390625,0.02734375
153.234,Linux,89.9,23.2,879.95703125,4196.6484375,2672.4609375,0.00390625,0.0
154.236,Linux,84.9,23.9,879.96484375,4195.53125,2672.5234375,0.00390625,0.01953125
155.238,Linux,88.8,23.5,879.96484375,4195.52734375,2672.5234375,0.0078125,0.0
156.239,Linux,91.8,23.4,879.96875,4195.9609375,2672.51171875,0.00390625,0.5
157.241,Linux,89.9,23.2,879.96875,4196.171875,2672.51171875,0.00390625,0.01171875
158.243,Linux,85.8,21.9,879.96875,4196.1484375,2672.5078125,0.00390625,0.01953125
159.245,Linux,92.8,23.4,879.96875,4196.18359375,2672.5078125,0.00390625,0.1953125
160.246,Linux,91.9,24.0,880.0546875,4196.1796875,2672.48046875,0.00390625,0.0234375
161.248,Linux,90.8,24.1,880.0546875,4195.26953125,2674.38671875,0.00390625,0.0
162.25,Linux,90.9,23.5,880.05859375,4195.265625,2674.38671875,0.00390625,0.0
163.252,Linux,91.8,22.6,880.05859375,4195.26171875,2674.38671875,0.00390625,0.0
164.254,Linux,90.8,23.8,880.05859375,4195.2578125,2674.38671875,0.00390625,0.0
165.255,Linux,86.9,22.7,880.05859375,4195.25390625,2674.38671875,0.00390625,0.0
166.257,Linux,85.8,22.4,880.05859375,4195.2421875,2674.38671875,0.00390625,0.0
167.259,Linux,88.9,23.3,880.0625,4195.23828125,2674.3828125,0.00390625,0.0
168.26,Linux,89.8,23.7,880.0703125,4195.234375,2674.37890625,0.00390625,0.125
169.262,Linux,89.9,23.6,880.0703125,4195.23046875,2674.37890625,0.00390625,0.0
170.263,Linux,87.9,22.8,880.0703125,4195.2265625,2674.37890625,0.00390625,0.0
171.265,Linux,87.9,23.5,880.0703125,4195.22265625,2674.3671875,0.00390625,0.0
172.266,Linux,93.9,24.4,880.0703125,4195.21875,2674.3671875,0.00390625,0.0625
173.267,Linux,90.9,22.9,880.07421875,4195.0703125,2674.36328125,0.00390625,0.14453125
174.269,Linux,89.8,23.1,880.1171875,4194.99609375,2674.34765625,0.00390625,0.1328125
175.271,Linux,88.9,22.7,880.1171875,4194.9921875,2674.3203125,0.00390625,0.0
176.272,Linux,91.8,22.3,880.12109375,4194.8515625,2674.31640625,0.00390625,0.13671875
177.274,Linux,86.9,22.3,880.125,4194.73046875,2674.30859375,0.00390625,0.12109375
178.276,Linux,90.8,23.6,880.125,4194.66015625,2674.30078125,0.00390625,0.12890625
179.277,Linux,96.8,23.7,880.125,4194.37890625,2675.0859375,0.00390625,0.68359375
180.279,Linux,95.8,24.0,880.1328125,4194.375,2675.07421875,0.00390625,0.00390625
181.281,Linux,89.8,22.6,880.13671875,4190.37109375,2675.0703125,0.00390625,0.0625
182.283,Linux,88.9,23.4,880.13671875,4190.3046875,2675.0703125,0.00390625,0.0
183.285,Linux,87.8,22.5,880.13671875,4190.19140625,2675.046875,0.0078125,0.0
184.287,Linux,84.8,22.0,880.13671875,4189.984375,2675.03515625,0.00390625,0.33203125
185.289,Linux,86.9,22.6,880.13671875,4189.6328125,2675.03515625,0.0078125,0.21875
186.291,Linux,91.8,23.7,880.2109375,4189.7578125,2676.359375,0.00390625,0.26171875
187.292,Linux,85.9,22.3,880.21484375,4189.74609375,2676.359375,0.00390625,0.0625
188.294,Linux,85.8,23.0,880.29296875,4189.64453125,2676.3359375,0.00390625,0.171875
189.296,Linux,80.9,23.0,880.46875,4189.234375,2676.984375,0.00390625,0.6171875
190.298,Linux,90.9,23.4,880.5546875,4191.671875,2676.95703125,0.00390625,0.09765625
191.299,Linux,85.9,22.5,880.71875,4191.4765625,2677.62109375,0.00390625,0.19921875
192.301,Linux,83.8,21.4,880.71875,4191.47265625,2677.62109375,0.00390625,0.0625
193.303,Linux,86.8,22.4,880.94921875,4191.234375,2678.26171875,0.00390625,0.3203125
194.304,Linux,81.9,22.4,881.3359375,4195.37109375,2678.88671875,0.00390625,0.40234375
195.305,Linux,80.9,21.7,881.34375,4193.1171875,2679.63671875,0.00390625,0.015625
196.307,Linux,90.8,23.5,881.34375,4193.14453125,2679.63671875,0.00390625,0.125
197.309,Linux,97.8,23.1,881.83203125,4190.84375,2683.796875,0.0078125,4.42578125
198.311,Linux,82.8,19.9,881.83203125,4190.8359375,2683.79296875,0.00390625,0.0
199.313,Linux,88.8,23.2,882.40234375,4190.5546875,2684.7109375,0.00390625,0.921875
200.315,Linux,86.8,21.9,882.40234375,4190.55078125,2684.7109375,0.00390625,0.0
201.317,Linux,86.8,21.6,882.40234375,4190.0,2685.31640625,0.00390625,0.0
202.319,Linux,85.8,22.4,882.40234375,4189.98828125,2685.31640625,0.00390625,0.0
203.321,Linux,85.8,21.4,882.40234375,4189.984375,2685.31640625,0.00390625,0.0625
204.322,Linux,82.9,21.8,882.40234375,4189.7265625,2685.31640625,0.00390625,0.0
205.324,Linux,87.9,21.7,882.40625,4189.18359375,2685.31640625,0.00390625,0.125
206.325,Linux,89.8,22.7,882.40625,4189.17578125,2685.31640625,0.00390625,0.0
207.327,Linux,88.9,22.1,882.40625,4189.171875,2685.31640625,0.00390625,0.0625
208.329,Linux,78.9,19.8,882.40625,4189.16796875,2685.31640625,0.00390625,0.0
209.33,Linux,89.9,22.7,882.40625,4189.15625,2685.31640625,0.00390625,0.0
210.332,Linux,89.9,22.0,882.41015625,4189.15234375,2685.31640625,0.00390625,0.0
211.334,Linux,82.8,20.1,882.4140625,4188.95703125,2685.31640625,0.00390625,0.0
212.335,Linux,84.9,21.3,882.4140625,4188.8984375,2685.31640625,0.00390625,0.0
213.337,Linux,86.9,22.6,882.4140625,4189.07421875,2685.31640625,0.00390625,0.06640625
214.338,Linux,87.9,22.3,882.4140625,4189.0703125,2685.3125,0.00390625,0.0
215.34,Linux,89.8,22.3,882.4140625,4189.06640625,2685.3125,0.0078125,0.0
216.341,Linux,90.9,23.8,882.4140625,4188.22265625,2685.890625,0.0078125,0.24609375
217.342,Linux,86.9,21.6,882.41796875,4188.21875,2685.890625,0.00390625,0.125
218.344,Linux,88.9,22.1,882.41796875,4188.21484375,2685.890625,0.00390625,0.0
219.345,Linux,86.9,22.3,882.41796875,4188.2109375,2685.88671875,0.00390625,0.0
220.346,Linux,88.9,22.5,882.49609375,4188.15234375,2685.87890625,0.00390625,0.0546875
221.348,Linux,82.9,21.9,882.5,4188.1484375,2686.5625,0.00390625,0.015625
222.349,Linux,79.9,21.5,882.5625,4188.14453125,2686.5625,0.00390625,0.0
223.351,Linux,83.9,21.8,882.56640625,4188.0625,2686.87109375,0.00390625,0.3125
224.352,Linux,83.9,24.6,882.56640625,4187.91796875,2686.87109375,0.00390625,0.140625
225.354,Linux,87.9,26.7,882.5703125,4187.9140625,2686.8671875,0.00390625,0.0
226.356,Linux,90.8,25.8,882.5703125,4187.91015625,2686.8671875,0.00390625,0.0
227.357,Linux,88.9,27.3,882.57421875,4187.78515625,2686.8359375,0.00390625,0.12109375
228.359,Linux,87.9,27.5,882.57421875,4187.78125,2686.75,0.00390625,0.0
229.361,Linux,85.8,27.1,882.71875,4188.1484375,2686.74609375,0.00390625,0.296875
230.362,Linux,85.9,26.2,882.7578125,4188.14453125,2686.703125,0.00390625,0.03125
231.364,Linux,85.9,22.4,882.7578125,4188.33203125,2686.703125,0.00390625,0.0
232.365,Linux,93.8,23.9,886.94921875,4186.2421875,2690.3203125,0.00390625,6.99609375
233.367,Linux,93.9,23.0,887.09375,4185.85546875,2691.01953125,0.00390625,0.375
234.368,Linux,85.9,22.5,887.125,4185.890625,2690.953125,0.00390625,0.0703125
235.369,Linux,86.9,22.3,887.91796875,4185.74609375,2692.0546875,0.0078125,1.12109375
236.371,Linux,87.8,21.1,887.91796875,4184.9921875,2692.66015625,0.00390625,0.0
237.373,Linux,90.9,23.0,887.91796875,4184.98828125,2692.66015625,0.00390625,0.0
238.374,Linux,91.9,23.9,887.921875,4184.984375,2692.6328125,0.00390625,0.0
239.375,Linux,91.9,22.5,887.921875,4182.98046875,2692.59375,0.00390625,0.0
240.377,Linux,91.9,21.8,887.92578125,4183.01171875,2692.546875,0.00390625,0.0
241.378,Linux,90.9,22.7,887.9296875,4181.8046875,2693.24609375,0.0078125,0.125
242.379,Linux,86.9,21.6,887.9296875,4181.8046875,2693.203125,0.00390625,0.0
243.381,Linux,88.9,21.2,887.9375,4181.80078125,2693.140625,0.00390625,0.0234375
244.382,Linux,90.9,21.1,887.9375,4182.1015625,2693.0859375,0.00390625,0.0
245.384,Linux,93.8,23.0,889.30859375,4179.63671875,2697.03125,0.00390625,2.2890625
246.385,Linux,94.9,22.7,889.3125,4179.2421875,2697.6640625,0.01171875,0.578125
247.386,Linux,85.9,21.5,889.31640625,4179.234375,2697.62890625,0.0078125,0.0
248.388,Linux,91.8,22.4,889.328125,4179.23046875,2697.5859375,0.00390625,0.015625
249.39,Linux,86.8,21.6,889.328125,4179.23046875,2697.58203125,0.00390625,0.0
250.391,Linux,86.9,22.0,889.37109375,4179.47265625,2697.49609375,0.00390625,0.0625
251.393,Linux,85.9,21.1,889.3984375,4179.46484375,2697.4140625,0.00390625,0.03125
252.394,Linux,92.9,22.8,889.46484375,4179.2421875,2697.4140625,0.00390625,0.2109375
253.396,Linux,89.8,21.5,889.46875,4178.5234375,2697.9375,0.00390625,0.125
254.398,Linux,87.8,21.8,889.46875,4178.515625,2697.9375,0.00390625,0.0
255.4,Linux,89.8,22.3,889.46875,4178.515625,2697.9375,0.00390625,0.0
256.402,Linux,91.8,22.6,889.46875,4178.5078125,2697.9375,0.00390625,0.0
257.404,Linux,85.9,21.5,889.46875,4178.5,2697.93359375,0.00390625,0.0
258.406,Linux,87.8,22.0,889.46875,4178.49609375,2697.93359375,0.00390625,0.0
259.408,Linux,90.8,22.1,889.46875,4178.63671875,2697.92578125,0.00390625,0.0
260.41,Linux,89.8,21.9,889.47265625,4178.62890625,2697.921875,0.00390625,0.0
261.411,Linux,88.9,22.1,889.47265625,4178.625,2697.921875,0.00390625,0.0
262.413,Linux,86.9,21.7,889.47265625,4178.62109375,2697.921875,0.00390625,0.0
263.414,Linux,87.9,21.1,889.47265625,4178.6171875,2697.921875,0.00390625,0.15625
264.415,Linux,88.8,23.0,889.47265625,4178.45703125,2697.921875,0.00390625,0.0
265.418,Linux,88.8,21.7,889.47265625,4178.07421875,2698.5,0.00390625,0.125
266.42,Linux,89.8,21.7,889.4765625,4178.03515625,2698.5,0.00390625,0.0
267.421,Linux,86.9,20.7,889.51171875,4178.02734375,2698.4296875,0.00390625,0.03125
268.422,Linux,89.9,21.8,889.515625,4177.38671875,2699.015625,0.00390625,0.0
269.423,Linux,90.9,22.5,889.515625,4177.60546875,2699.0,0.00390625,0.0
270.425,Linux,85.9,21.7,889.515625,4177.6015625,2698.96875,0.00390625,0.0
271.426,Linux,88.9,21.2,889.515625,4177.59765625,2698.96875,0.00390625,0.0
272.427,Linux,89.9,22.4,889.51953125,4177.59375,2698.96875,0.00390625,0.0
273.429,Linux,89.8,22.0,889.51953125,4177.58984375,2698.96875,0.00390625,0.0
274.431,Linux,88.8,21.8,889.51953125,4177.51953125,2698.96875,0.00390625,0.0
275.432,Linux,87.9,21.3,889.5703125,4177.50390625,2698.87109375,0.00390625,0.13671875
276.434,Linux,87.9,22.0,889.59375,4177.49609375,2698.828125,0.00390625,0.0
277.435,Linux,88.9,22.5,889.59375,4177.48828125,2698.828125,0.0078125,0.125
278.436,Linux,88.9,21.9,889.59765625,4177.484375,2698.82421875,0.0078125,0.0
279.438,Linux,89.8,21.7,889.59765625,4177.48046875,2698.8203125,0.00390625,0.0
280.439,Linux,88.9,22.0,889.59765625,4173.4765625,2698.8203125,0.00390625,0.0
281.441,Linux,84.9,20.8,889.59765625,4173.47265625,2698.8203125,0.00390625,0.0
282.443,Linux,84.9,20.7,889.59765625,4173.46875,2698.8203125,0.00390625,0.0
283.444,Linux,80.9,20.0,889.59765625,4173.46484375,2698.8203125,0.00390625,0.0
284.446,Linux,81.9,22.7,889.75390625,4177.10546875,2699.5234375,0.01171875,0.421875
285.447,Linux,82.9,33.1,889.75390625,4177.00390625,2703.7890625,0.00390625,0.0
286.448,Linux,86.9,27.9,889.75390625,4171.09765625,2724.61328125,0.00390625,0.0625
287.449,Linux,89.9,22.8,889.77734375,4171.0,2725.1328125,0.0078125,0.09375
288.45,Linux,93.9,24.6,889.79296875,4170.66015625,2725.0859375,0.00390625,0.0078125
289.451,Linux,92.9,24.2,889.8046875,4170.54296875,2725.0546875,0.00390625,0.00390625
290.452,Linux,90.9,23.5,889.80859375,4170.53515625,2725.0546875,0.00390625,0.0
291.453,Linux,91.9,23.8,889.80859375,4171.8203125,2725.0546875,0.00390625,0.125
292.454,Linux,90.9,23.8,889.80859375,4171.828125,2725.05078125,0.00390625,0.0
293.456,Linux,91.8,23.1,889.80859375,4171.25,2725.62109375,0.00390625,0.125
294.458,Linux,89.8,23.2,889.80859375,4171.21484375,2725.6171875,0.00390625,0.0
295.459,Linux,88.9,23.5,889.80859375,4171.2109375,2725.61328125,0.00390625,0.0
296.46,Linux,88.9,22.5,889.81640625,4171.44921875,2725.609375,0.00390625,0.00390625
297.461,Linux,86.9,24.1,889.81640625,4171.4453125,2725.609375,0.00390625,0.0
298.462,Linux,87.9,23.2,889.81640625,4171.44140625,2725.609375,0.00390625,0.0
299.464,Linux,89.9,22.9,889.81640625,4171.4375,2725.59765625,0.00390625,0.0
300.479,Linux,89.6,23.9,889.81640625,4167.4140625,2725.59375,0.00390625,0.0
301.48,Linux,90.8,23.2,889.81640625,4167.41015625,2725.58984375,0.00390625,0.0
302.482,Linux,87.9,23.5,889.9453125,4167.51953125,2725.58984375,0.0078125,0.1845703125
303.483,Linux,85.9,22.4,889.9453125,4167.50390625,2725.58984375,0.00390625,0.0
304.485,Linux,84.9,22.0,889.9453125,4167.49609375,2725.5859375,0.00390625,0.0
305.486,Linux,80.9,22.4,889.9453125,4167.49609375,2725.5859375,0.00390625,0.0
306.488,Linux,81.8,21.8,889.9453125,4167.4921875,2725.5546875,0.00390625,0.0
307.49,Linux,86.9,22.6,889.9453125,4167.48828125,2725.5546875,0.00390625,0.0
308.492,Linux,84.9,24.2,889.94921875,4167.296875,2725.5546875,0.0078125,0.0
309.493,Linux,86.9,22.4,890.01953125,4167.2421875,2725.546875,0.00390625,0.06640625
310.495,Linux,91.8,24.7,890.0703125,4167.49609375,2726.31640625,0.01171875,0.27734375
311.497,Linux,93.8,23.9,890.0703125,4167.43359375,2726.31640625,0.00390625,0.0
312.498,Linux,89.8,24.9,890.0703125,4167.4296875,2726.31640625,0.00390625,0.0
313.501,Linux,88.8,22.8,890.0703125,4167.234375,2726.31640625,0.00390625,0.0
314.502,Linux,88.9,24.1,890.07421875,4167.17578125,2726.31640625,0.00390625,0.0
315.504,Linux,87.9,23.3,890.07421875,4167.3671875,2726.31640625,0.00390625,0.0
316.505,Linux,84.9,23.4,890.07421875,4167.39453125,2726.31640625,0.00390625,0.0
317.506,Linux,93.9,23.3,890.07421875,4167.390625,2726.31640625,0.00390625,0.0
318.508,Linux,93.9,22.9,890.07421875,4167.38671875,2726.31640625,0.00390625,0.0
319.509,Linux,96.9,23.6,890.10546875,4167.3828125,2726.28125,0.00390625,0.015625
320.511,Linux,94.8,23.1,890.171875,4167.37890625,2726.234375,0.00390625,0.02734375
321.513,Linux,94.9,23.6,890.19921875,4167.375,2726.234375,0.00390625,0.0
322.514,Linux,91.9,23.1,890.19921875,4167.40234375,2726.234375,0.00390625,0.0
323.516,Linux,89.8,23.0,890.23828125,4167.6171875,2727.07421875,0.00390625,0.0
324.517,Linux,89.9,22.8,890.2578125,4167.60546875,2727.0703125,0.00390625,0.0078125
325.519,Linux,90.8,23.8,890.2578125,4167.6015625,2727.0703125,0.00390625,0.0
326.521,Linux,91.8,23.2,890.26171875,4167.58984375,2727.0703125,0.00390625,0.0625
327.522,Linux,92.8,23.7,890.26171875,4167.52734375,2727.0703125,0.00390625,0.0
328.524,Linux,89.9,23.6,890.26171875,4166.3046875,2727.22265625,0.00390625,0.0
329.526,Linux,92.9,23.3,890.26171875,4164.30078125,2727.22265625,0.00390625,0.0
330.527,Linux,88.9,23.0,890.265625,4164.296875,2727.22265625,0.00390625,0.0
331.529,Linux,88.8,22.7,890.265625,4164.29296875,2727.22265625,0.00390625,0.0
332.531,Linux,86.8,22.9,890.26953125,4164.2890625,2727.2109375,0.0078125,0.0
333.533,Linux,88.8,22.4,890.26953125,4164.28515625,2727.2109375,0.00390625,0.0
334.534,Linux,92.9,23.6,890.26953125,4164.28125,2727.20703125,0.00390625,0.0
335.536,Linux,90.8,22.7,890.26953125,4164.51953125,2727.20703125,0.00390625,0.0
336.538,Linux,88.8,22.4,890.26953125,4164.51953125,2727.20703125,0.00390625,0.0
337.54,Linux,86.8,21.8,890.26953125,4164.5078125,2727.20703125,0.00390625,0.0
338.541,Linux,89.9,23.3,890.2734375,4168.50390625,2727.20703125,0.00390625,0.0
339.543,Linux,92.8,23.6,890.2734375,4168.09375,2727.20703125,0.0078125,0.0
340.545,Linux,90.9,22.1,890.2734375,4167.92578125,2727.20703125,0.00390625,0.0
341.546,Linux,96.9,24.4,890.2734375,4167.6015625,2727.20703125,0.01171875,0.0
342.547,Linux,94.9,23.3,890.2734375,4167.3671875,2727.203125,0.00390625,0.0
343.548,Linux,92.9,22.3,890.2734375,4167.296875,2727.203125,0.00390625,0.0
344.55,Linux,91.8,23.6,890.2734375,4167.35546875,2727.203125,0.00390625,0.0
345.551,Linux,90.9,23.5,890.27734375,4167.3515625,2727.203125,0.00390625,0.0
346.552,Linux,94.9,23.3,890.27734375,4167.52734375,2727.19921875,0.00390625,0.0
347.553,Linux,88.9,22.9,890.27734375,4167.5703125,2727.1953125,0.00390625,0.0
348.555,Linux,86.9,22.2,890.28125,4167.3125,2727.1953125,0.00390625,0.0
349.557,Linux,85.8,22.2,890.28125,4167.5546875,2727.1953125,0.00390625,0.0
350.559,Linux,87.8,22.9,890.28125,4167.765625,2727.1953125,0.00390625,0.0
351.561,Linux,82.8,21.7,890.28515625,4167.765625,2727.1953125,0.00390625,0.0
352.563,Linux,89.8,22.8,890.28515625,4167.5078125,2727.1953125,0.00390625,0.0
353.564,Linux,94.9,23.2,890.2890625,4167.62890625,2727.953125,0.00390625,0.65625
354.566,Linux,91.8,24.4,890.2890625,4167.87109375,2727.953125,0.00390625,0.0
355.568,Linux,88.9,22.8,890.2890625,4167.86328125,2727.94921875,0.00390625,0.0
356.569,Linux,83.9,23.1,890.2890625,4167.6953125,2728.3125,0.00390625,0.0
357.571,Linux,87.8,23.2,890.29296875,4167.49609375,2728.3125,0.00390625,0.0
358.573,Linux,84.9,23.3,890.29296875,4167.48828125,2728.3125,0.00390625,0.0
359.574,Linux,84.9,22.9,890.29296875,4167.484375,2728.3125,0.00390625,0.0
360.575,Linux,85.9,22.1,890.29296875,4166.6328125,2729.23828125,0.00390625,0.0
361.577,Linux,91.9,23.6,890.29296875,4165.07421875,2730.44140625,0.00390625,0.0
362.579,Linux,89.8,24.4,890.29296875,4164.91796875,2730.44140625,0.00390625,0.0
363.58,Linux,89.8,23.2,890.296875,4164.9140625,2730.44140625,0.00390625,0.0
364.582,Linux,88.8,23.2,890.296875,4164.91015625,2730.44140625,0.00390625,0.0
365.584,Linux,93.8,24.2,890.296875,4164.3359375,2731.6484375,0.00390625,0.0
366.586,Linux,96.8,25.9,890.296875,4164.46484375,2731.6484375,0.00390625,0.0
367.587,Linux,89.9,22.9,890.296875,4164.4609375,2731.6484375,0.00390625,0.0
368.588,Linux,85.9,21.9,890.296875,4164.45703125,2731.6484375,0.00390625,0.0
369.59,Linux,92.8,24.0,890.30078125,4164.453125,2731.6484375,0.0078125,0.0
370.592,Linux,94.8,23.7,890.30078125,4164.44921875,2731.64453125,0.00390625,0.0
371.593,Linux,95.9,24.4,890.30859375,4164.4375,2731.64453125,0.00390625,0.0
372.594,Linux,93.9,24.2,890.3203125,4164.43359375,2731.64453125,0.00390625,0.0
373.596,Linux,90.8,23.3,890.3203125,4164.4296875,2731.64453125,0.01171875,0.0
374.598,Linux,87.8,23.4,890.3203125,4164.42578125,2731.64453125,0.00390625,0.0
375.599,Linux,90.9,24.2,890.3359375,4164.4140625,2731.640625,0.00390625,0.0078125
376.6,Linux,87.9,24.2,890.3359375,4164.0390625,2731.7734375,0.00390625,0.0
377.601,Linux,90.9,22.9,890.3359375,4163.62890625,2732.33984375,0.00390625,0.33203125
378.602,Linux,88.9,23.8,890.3359375,4160.89453125,2732.85546875,0.00390625,0.0
379.604,Linux,88.9,23.8,890.3359375,4161.08203125,2732.84765625,0.00390625,0.0
380.606,Linux,89.8,23.1,890.3359375,4161.1328125,2732.84375,0.00390625,0.0
381.607,Linux,90.9,23.4,890.33984375,4161.12890625,2732.84375,0.00390625,0.0
382.609,Linux,90.8,22.5,890.33984375,4161.125,2732.828125,0.00390625,0.0
383.611,Linux,86.8,22.3,890.33984375,4161.57421875,2732.8203125,0.00390625,0.0
384.612,Linux,93.9,23.3,890.34765625,4161.8046875,2732.8046875,0.00390625,0.0
385.613,Linux,92.9,24.8,890.34765625,4161.80078125,2732.8046875,0.00390625,0.0
386.615,Linux,83.9,23.6,890.34765625,4161.7890625,2732.8046875,0.00390625,0.0
387.616,Linux,86.9,23.1,890.359375,4161.78515625,2732.79296875,0.00390625,0.0
388.618,Linux,82.8,21.6,890.359375,4161.78125,2732.7890625,0.00390625,0.0
389.62,Linux,90.8,23.2,890.359375,4161.78125,2732.7890625,0.00390625,0.0625
390.622,Linux,91.8,22.8,890.359375,4161.7734375,2732.7890625,0.00390625,0.0
391.623,Linux,93.9,24.2,890.359375,4161.76953125,2732.7890625,0.00390625,0.0
392.624,Linux,94.9,24.5,890.359375,4161.765625,2732.7890625,0.00390625,0.0
393.626,Linux,91.8,21.4,890.3671875,4161.76171875,2732.78515625,0.0078125,0.01953125
394.627,Linux,96.9,22.1,890.3671875,4161.42578125,2734.19140625,0.0078125,1.265625
395.628,Linux,85.9,21.7,891.28515625,4160.1171875,2733.65625,0.0078125,0.0
396.629,Linux,13.0,16.1,891.28515625,4153.24609375,2737.38671875,0.0,0.0
397.631,Linux,15.0,17.0,891.28515625,4153.15625,2737.77734375,0.0,0.0
398.632,Linux,13.0,10.2,891.2890625,4152.13671875,2743.18359375,0.0,0.0
399.633,Linux,13.0,14.0,890.79296875,3196.1328125,2480.23046875,8.17578125,389.71875
400.634,Linux,16.0,15.4,890.796875,3209.640625,2470.0546875,0.0,0.0
401.635,Linux,27.0,8.2,890.8046875,2464.484375,2182.56640625,7.890625,434.109375
402.636,Linux,102.9,14.7,891.0703125,2460.859375,2182.30078125,0.01171875,7.65625
403.637,Linux,79.9,11.4,891.2890625,2459.18359375,2182.08203125,0.015625,24.73046875
404.638,Linux,92.9,12.9,891.33984375,2458.14453125,2182.03125,0.0,7.0
405.639,Linux,94.9,14.8,891.5546875,2460.21875,2181.8125,0.01171875,54.26953125
406.64,Linux,53.9,13.0,894.00390625,2461.80859375,2179.1171875,0.0078125,8.11328125
407.642,Linux,40.9,10.2,894.71875,2462.7109375,2178.45703125,0.01171875,0.62109375
408.644,Linux,52.9,12.3,896.0390625,2461.140625,2177.1328125,0.02734375,2.43359375
409.645,Linux,44.9,11.5,896.046875,2461.234375,2177.12890625,0.00390625,0.02734375
410.647,Linux,47.9,11.7,896.046875,2461.23046875,2177.12890625,0.00390625,0.0
411.649,Linux,48.9,12.0,896.046875,2461.47265625,2177.12890625,0.0078125,0.0
412.65,Linux,46.9,11.7,896.046875,2461.46484375,2177.12890625,0.00390625,0.125
413.651,Linux,47.9,11.0,896.046875,2457.18359375,2177.12890625,0.00390625,0.0
414.653,Linux,46.9,11.7,896.046875,2457.18359375,2177.12890625,0.00390625,0.1171875
415.655,Linux,44.9,10.6,896.05078125,2457.125,2177.12890625,0.00390625,0.0
416.657,Linux,44.9,11.5,896.05078125,2452.84375,2177.12890625,0.00390625,0.0
417.659,Linux,44.9,11.6,896.05078125,2452.8359375,2177.12890625,0.00390625,0.0
418.66,Linux,46.9,11.7,896.05078125,2452.8359375,2177.12890625,0.00390625,0.0
419.662,Linux,45.9,11.5,896.05078125,2452.83203125,2177.12890625,0.00390625,0.0
420.664,Linux,42.9,11.1,896.05078125,2452.81640625,2177.12890625,0.00390625,0.0
421.666,Linux,47.9,11.8,896.0546875,2452.81640625,2177.12890625,0.00390625,0.0
422.668,Linux,45.9,11.1,896.0546875,2453.0546875,2177.12890625,0.00390625,0.0
423.669,Linux,46.9,11.6,896.0546875,2453.0546875,2177.12890625,0.00390625,0.0
424.671,Linux,46.9,11.2,896.0546875,2453.05078125,2177.12890625,0.00390625,0.0
425.673,Linux,45.9,11.6,896.0546875,2453.046875,2177.12890625,0.00390625,0.0
426.674,Linux,46.9,11.1,896.0546875,2453.0390625,2177.125,0.00390625,0.0
427.676,Linux,44.9,11.0,896.05859375,2453.02734375,2177.125,0.00390625,0.0
428.678,Linux,45.9,11.0,896.05859375,2453.0234375,2177.125,0.00390625,0.0
429.679,Linux,44.9,11.4,896.05859375,2453.01953125,2177.125,0.00390625,0.0
430.681,Linux,44.9,11.2,896.05859375,2453.015625,2177.125,0.00390625,0.0
431.683,Linux,47.9,11.2,896.05859375,2453.01171875,2177.12109375,0.00390625,0.0
432.685,Linux,45.9,11.2,896.05859375,2453.00390625,2177.12109375,0.0078125,0.0
433.687,Linux,43.9,10.9,896.0625,2453.0,2177.12109375,0.00390625,0.0
434.689,Linux,46.9,11.5,896.0625,2452.9921875,2177.12109375,0.00390625,0.0
435.69,Linux,44.9,11.0,896.0625,2452.98828125,2177.12109375,0.00390625,0.0
436.692,Linux,47.9,11.4,896.0625,2452.984375,2177.12109375,0.00390625,0.0
437.693,Linux,44.0,11.0,896.0625,2452.97265625,2177.12109375,0.00390625,0.0
438.694,Linux,46.0,11.3,896.0625,2452.96875,2177.12109375,0.01171875,0.0
439.694,Linux,50.0,11.9,896.06640625,2452.96875,2177.12109375,0.00390625,0.0
440.696,Linux,45.9,11.2,896.06640625,2452.96484375,2177.12109375,0.00390625,0.0
441.698,Linux,45.9,11.2,896.06640625,2452.9609375,2177.12109375,0.00390625,0.0
442.699,Linux,45.9,11.4,896.06640625,2452.95703125,2177.12109375,0.00390625,0.0
443.701,Linux,44.9,11.2,896.06640625,2452.94921875,2177.12109375,0.00390625,0.0
444.702,Linux,47.9,11.8,896.06640625,2452.9375,2177.12109375,0.00390625,0.0
445.704,Linux,44.9,11.1,896.06640625,2452.93359375,2177.12109375,0.00390625,0.0
446.705,Linux,45.9,11.0,896.0703125,2452.9296875,2177.12109375,0.0078125,0.0
447.706,Linux,45.9,12.2,896.0703125,2452.921875,2177.12109375,0.00390625,0.0
448.708,Linux,42.9,10.9,896.0703125,2452.921875,2177.12109375,0.00390625,0.0
449.709,Linux,45.9,11.0,896.0703125,2452.91796875,2177.1171875,0.00390625,0.0
450.711,Linux,45.9,11.6,896.0703125,2452.8515625,2177.1171875,0.00390625,0.0
451.712,Linux,44.0,11.0,896.0703125,2452.8515625,2177.1171875,0.00390625,0.0
452.714,Linux,44.9,11.3,896.07421875,2452.84375,2177.1171875,0.00390625,0.0
453.715,Linux,44.9,10.7,896.07421875,2452.83984375,2177.1171875,0.00390625,0.0
454.716,Linux,46.9,11.8,896.07421875,2452.83203125,2177.1171875,0.00390625,0.0
455.717,Linux,44.9,11.2,896.07421875,2452.83203125,2177.1171875,0.00390625,0.0
456.718,Linux,43.0,10.7,896.07421875,2452.81640625,2177.1171875,0.00390625,0.0
457.72,Linux,47.9,11.2,896.07421875,2452.8203125,2177.1171875,0.00390625,0.0
458.721,Linux,42.9,11.2,896.078125,2452.8125,2177.1171875,0.00390625,0.0
459.723,Linux,44.9,11.6,896.078125,2452.8125,2177.1171875,0.00390625,0.0
460.725,Linux,46.9,11.3,896.078125,2452.80078125,2177.11328125,0.00390625,0.0
461.726,Linux,44.9,11.1,896.078125,2452.9921875,2177.11328125,0.00390625,0.0
462.728,Linux,47.9,11.8,896.078125,2453.0390625,2177.109375,0.00390625,0.0
463.729,Linux,40.9,11.0,896.078125,2453.71875,2176.76953125,0.0078125,0.0
464.731,Linux,40.9,10.2,896.08203125,2453.71484375,2176.76953125,0.00390625,0.0
465.733,Linux,44.9,10.6,896.08203125,2453.7109375,2176.76953125,0.00390625,0.0
466.735,Linux,43.9,11.4,896.08203125,2453.70703125,2176.76953125,0.00390625,0.0
467.736,Linux,45.9,11.1,896.08203125,2453.703125,2176.76953125,0.00390625,0.0
468.737,Linux,43.9,11.5,896.08203125,2453.6953125,2176.76953125,0.00390625,0.0
469.739,Linux,43.9,10.5,896.08203125,2453.69140625,2176.76953125,0.01171875,0.0
470.74,Linux,42.9,10.6,896.0859375,2453.6875,2176.76953125,0.00390625,0.0
471.742,Linux,43.9,11.2,896.0859375,2453.6796875,2176.76953125,0.00390625,0.0
472.744,Linux,44.9,11.3,896.0859375,2453.67578125,2176.76953125,0.00390625,0.0
473.745,Linux,44.9,11.1,896.0859375,2453.671875,2176.76953125,0.00390625,0.0
474.747,Linux,47.9,11.3,896.0859375,2453.66796875,2176.76953125,0.00390625,0.0
475.749,Linux,44.9,10.8,896.0859375,2453.66796875,2176.76953125,0.00390625,0.0
476.75,Linux,44.0,11.2,896.08984375,2456.34375,2174.421875,0.00390625,0.0
477.751,Linux,46.0,11.0,896.08984375,2456.28125,2174.40625,0.0078125,0.0
478.752,Linux,44.9,11.3,896.08984375,2456.27734375,2174.40234375,0.00390625,0.0
479.754,Linux,46.9,10.8,896.08984375,2456.26953125,2174.40234375,0.00390625,0.0
480.755,Linux,45.9,11.8,896.08984375,2456.26953125,2174.40234375,0.00390625,0.0
481.757,Linux,44.9,11.3,896.08984375,2456.14453125,2174.39453125,0.00390625,0.0
482.758,Linux,42.9,10.8,896.08984375,2456.14453125,2174.39453125,0.00390625,0.0
483.76,Linux,42.9,11.3,896.09375,2456.1328125,2174.39453125,0.00390625,0.0
484.761,Linux,40.9,10.7,896.09375,2456.12890625,2174.390625,0.00390625,0.0
485.762,Linux,45.9,11.2,896.09375,2456.125,2174.390625,0.00390625,0.0
486.764,Linux,46.9,11.3,896.09375,2456.12109375,2174.390625,0.00390625,0.0
487.765,Linux,44.9,11.3,896.09375,2456.11328125,2174.390625,0.00390625,0.0
488.767,Linux,45.9,11.6,896.09375,2456.1171875,2174.3828125,0.00390625,0.0
489.769,Linux,43.9,10.8,896.09765625,2456.1015625,2174.3828125,0.00390625,0.0
490.77,Linux,46.9,11.7,896.09765625,2456.1015625,2174.3828125,0.00390625,0.0
491.772,Linux,42.9,11.3,896.09765625,2456.09375,2174.3828125,0.00390625,0.0
492.774,Linux,41.9,10.3,896.09765625,2456.09375,2174.3828125,0.00390625,0.0
493.775,Linux,44.9,11.1,896.09765625,2456.08203125,2174.37890625,0.00390625,0.0
494.776,Linux,45.0,11.1,896.09765625,2456.07421875,2174.37890625,0.0078125,0.0
495.778,Linux,44.9,11.7,896.1015625,2456.07421875,2174.37890625,0.00390625,0.0
496.779,Linux,46.0,11.3,896.1015625,2456.0625,2174.37890625,0.00390625,0.0
497.78,Linux,45.9,11.1,896.1015625,2456.25390625,2174.37890625,0.00390625,0.0
498.782,Linux,46.9,11.6,896.1015625,2456.30078125,2174.37890625,0.00390625,0.0
499.783,Linux,43.9,11.1,896.1015625,2456.296875,2174.37890625,0.00390625,0.0
500.785,Linux,47.9,11.1,896.1015625,2456.29296875,2174.37890625,0.01171875,0.0
501.786,Linux,45.9,11.3,896.10546875,2456.29296875,2174.375,0.00390625,0.0
502.788,Linux,43.9,11.2,896.10546875,2456.2890625,2174.375,0.00390625,0.0
503.79,Linux,44.9,11.0,896.10546875,2456.28515625,2174.375,0.00390625,0.0
504.791,Linux,45.9,11.2,896.10546875,2456.28125,2174.375,0.00390625,0.0
505.793,Linux,46.9,10.8,896.10546875,2456.27734375,2174.375,0.00390625,0.0
506.795,Linux,46.9,11.9,896.10546875,2456.26953125,2174.375,0.00390625,0.0
507.797,Linux,46.9,12.1,896.109375,2456.265625,2174.375,0.00390625,0.0
508.798,Linux,46.9,11.6,896.109375,2456.26171875,2174.37109375,0.00390625,0.0
509.8,Linux,43.9,10.9,896.109375,2456.2578125,2174.37109375,0.00390625,0.0
510.801,Linux,47.9,11.4,896.109375,2456.25,2174.359375,0.0078125,0.0
511.803,Linux,45.9,11.0,896.109375,2456.25390625,2174.359375,0.00390625,0.0
512.805,Linux,41.9,10.9,896.109375,2456.24609375,2174.359375,0.00390625,0.0
513.807,Linux,43.9,11.0,896.11328125,2456.24609375,2174.35546875,0.00390625,0.0
514.808,Linux,43.9,10.7,896.11328125,2456.2421875,2174.35546875,0.00390625,0.0
515.81,Linux,43.9,11.3,896.11328125,2456.2265625,2174.35546875,0.00390625,0.0
516.812,Linux,44.9,11.6,896.11328125,2456.21875,2174.35546875,0.00390625,0.0
517.813,Linux,44.9,13.6,896.11328125,2456.21875,2174.35546875,0.00390625,0.0
518.815,Linux,48.9,12.4,896.1171875,2456.39453125,2174.16015625,0.0078125,0.58203125
519.816,Linux,46.9,13.0,896.12109375,2456.6328125,2174.15625,0.0078125,0.0
520.818,Linux,48.9,12.8,896.12109375,2456.625,2174.15625,0.00390625,0.0
521.819,Linux,70.9,12.3,918.15234375,2482.984375,1791.140625,0.015625,28.046875
