elapsed,OS,CPU,CPU_OS,RAM,RAM_OS,SWAP_OS,I/O_output,I/O_input,fps,frametime
0.0020000000000000018,Linux,86.9,24.5,207.81640625,2383.4609375,1119.21875,0.01171875,47.3046875,NaN,NaN
1.0030000000000001,Linux,80.9,12.0,557.47265625,2721.73046875,1119.21875,0.015625,260.703125,NaN,NaN
2.004,Linux,78.9,12.4,833.5859375,2907.5625,1119.65625,0.0,321.296875,NaN,NaN
3.0060000000000002,Linux,96.9,14.2,878.30078125,2931.89453125,1119.65625,0.0,18.77734375,NaN,NaN
4.007,Linux,61.9,16.4,894.5390625,2702.296875,1315.1328125,0.00390625,149.0078125,NaN,NaN
5.008,Linux,112.9,24.4,977.21484375,2766.5234375,1370.57421875,0.01171875,1.4609375,0.748409,1336.17
6.009,Linux,105.9,18.2,1043.65234375,2791.2890625,1445.65234375,0.015625,26.921875,64.2788,15.5572
7.01,Linux,77.9,16.8,1051.8515625,2771.4765625,1478.6640625,0.0078125,6.5390625,60.8224,16.4413
8.012,Linux,36.9,9.8,1057.9453125,2779.01953125,1478.6640625,0.00390625,0.0,58.8477,16.993
9.013,Linux,33.0,9.9,1057.9453125,2779.04296875,1478.6640625,0.00390625,0.3828125,60.2377,16.6009
10.015,Linux,47.9,12.9,1070.8984375,2776.6875,1500.0703125,0.015625,0.02734375,60.1379,16.6285
11.016,Linux,42.0,12.8,1070.92578125,2779.08984375,1500.03515625,0.00390625,0.0,65.9357,15.1663
12.017,Linux,49.0,12.4,1073.92578125,2779.1640625,1500.03515625,0.0078125,0.1640625,62.1627,16.0868
13.018,Linux,53.0,12.2,1073.92578125,2779.47265625,1500.02734375,0.00390625,0.140625,1.31055,763.037
14.019,Linux,77.9,14.4,1073.94140625,2783.05078125,1499.63671875,0.0078125,0.01953125,58.834,16.997
15.021,Linux,46.9,11.9,1073.953125,2781.83203125,1499.63671875,0.01171875,0.078125,61.3149,16.3092
16.022,Linux,52.9,21.3,1076.5625,2740.66796875,1544.640625,0.0703125,2.734375,56.6271,17.6594
17.023,Linux,45.0,42.5,1076.69921875,2985.515625,1546.90625,0.00390625,0.0,58.0755,17.219
18.024,Linux,48.9,41.3,1076.69921875,3077.5078125,1546.8984375,0.00390625,0.0,60.1491,16.6254
19.025,Linux,44.9,38.7,1076.69921875,3254.95703125,1548.140625,0.00390625,0.0,58.151,17.1966
20.027,Linux,51.9,40.2,1076.69921875,3369.97265625,1548.7578125,0.00390625,0.0,60.0436,16.6546
21.028,Linux,45.9,41.5,1076.703125,3370.32421875,1548.7578125,0.00390625,0.0,59.0892,16.9236
22.03,Linux,48.9,48.2,1076.703125,3374.04296875,1548.76953125,0.00390625,0.0,32.6008,30.6741
23.031,Linux,43.9,43.1,1076.703125,3375.65234375,1548.5546875,0.00390625,0.0,58.0137,17.2373
24.033,Linux,50.9,38.7,1076.703125,3388.625,1548.93359375,0.00390625,0.0,60.6595,16.4855
25.034,Linux,48.9,37.9,1076.703125,3420.6171875,1549.55859375,0.00390625,0.0,63.2838,15.8018
26.037,Linux,50.9,52.3,1076.70703125,3405.1484375,1592.5859375,0.00390625,0.0,55.8386,17.9087
27.039,Linux,51.9,46.3,1076.70703125,3412.921875,1645.78515625,0.00390625,0.0,62.1259,16.0963
28.04,Linux,53.9,46.2,1006.84375,3394.71484375,1789.94140625,0.00390625,0.05859375,61.4002,16.2866
29.041,Linux,51.9,45.9,966.50390625,3438.3515625,1838.1484375,0.00390625,1.00390625,58.2664,17.1626
30.043,Linux,50.9,42.4,883.4921875,3403.77734375,1927.515625,0.00390625,2.625,64.1456,15.5895
31.045,Linux,55.9,42.8,829.71875,3396.90625,1984.94140625,0.00390625,0.0,63.6802,15.7035
32.047,Linux,53.9,47.6,770.3046875,3395.59375,2048.30859375,0.00390625,0.09375,61.9015,16.1547
33.049,Linux,55.9,43.3,715.95703125,3366.36328125,2104.08984375,0.00390625,0.01171875,31.5753,31.6703
34.05,Linux,49.9,47.9,687.41015625,3351.578125,2182.94140625,0.0078125,0.01171875,61.075,16.3733
35.051,Linux,45.9,44.0,687.40234375,3346.671875,2237.66015625,0.00390625,0.03125,59.7063,16.7487
36.053,Linux,46.9,44.1,687.3203125,3296.0,2300.3203125,0.00390625,0.0625,53.3691,18.7374
37.055,Linux,48.9,43.6,640.14453125,3282.9296875,2349.04296875,0.00390625,0.12109375,55.7285,17.9441
38.057,Linux,52.9,46.2,457.19921875,3288.12109375,2541.84765625,0.00390625,0.0,52.4576,19.063
39.059,Linux,45.9,39.2,426.75,3279.109375,2569.6015625,0.00390625,0.03515625,60.5166,16.5244
40.061,Linux,43.9,38.3,371.83984375,3288.75,2626.05859375,0.00390625,0.0,61.1427,16.3552
41.063,Linux,47.9,43.2,284.34375,3272.23828125,2734.3828125,0.0078125,0.0,36.2359,27.5969
42.064,Linux,36.0,41.6,284.46484375,3330.421875,2779.51953125,0.00390625,0.22265625,61.339,16.3028
43.066,Linux,35.9,38.4,284.43359375,3341.59375,2848.41796875,0.00390625,0.0,57.5422,17.3786
44.068,Linux,39.9,38.6,284.4453125,3357.15234375,2918.625,0.00390625,0.0234375,66.3557,15.0703
45.069,Linux,44.9,36.6,284.44921875,3367.015625,2927.67578125,0.00390625,0.0,59.5784,16.7846
46.071,Linux,45.9,36.3,284.44921875,3458.59375,2938.0546875,0.00390625,0.0,61.4936,16.2619
47.073,Linux,47.9,34.9,284.3984375,3539.73046875,2934.91796875,0.0078125,0.0078125,59.874,16.7018
48.074,Linux,44.0,25.8,284.40234375,3604.24609375,2928.53515625,0.00390625,0.0,61.9151,16.1511
49.075,Linux,48.0,23.5,284.41796875,3662.01171875,2883.84765625,0.00390625,0.0546875,57.356,17.435
50.076,Linux,48.9,17.2,284.421875,3662.0859375,2883.81640625,0.00390625,0.0,10.8547,92.126
51.078,Linux,61.9,17.1,298.734375,3665.08984375,2873.2578125,0.27734375,11.296875,70.1639,14.2524
52.08,Linux,98.9,17.8,322.484375,3688.5546875,2845.375,0.0078125,24.76953125,0.610584,1637.77
53.081,Linux,98.9,17.3,338.15625,3703.7890625,2829.5546875,0.00390625,26.12109375,NaN,NaN
54.082,Linux,97.9,16.2,359.53125,3725.078125,2807.78515625,0.0,27.92578125,0.655261,1526.11
55.083,Linux,88.9,15.8,377.63671875,3734.0078125,2795.17578125,0.0,134.17578125,NaN,NaN
56.085,Linux,91.8,16.5,401.87890625,3713.08203125,2791.31640625,0.0,90.33984375,NaN,NaN
57.087,Linux,104.8,18.1,433.46484375,3755.7890625,2791.1171875,0.0,34.45703125,NaN,NaN
58.088,Linux,102.9,17.3,489.59375,3807.47265625,2790.8515625,0.0,40.9765625,NaN,NaN
59.09,Linux,104.8,17.6,538.109375,3860.4765625,2790.67578125,0.0,33.9609375,NaN,NaN
60.091,Linux,100.9,17.3,594.4921875,3925.2109375,2790.546875,0.0,48.8671875,NaN,NaN
61.092,Linux,101.9,17.8,631.46875,3965.828125,2790.5,0.0,56.45703125,0.129901,7698.15
62.093,Linux,102.9,18.0,668.01171875,4006.37890625,2790.41796875,0.0,57.04296875,NaN,NaN
63.093999999999994,Linux,100.9,17.2,694.15234375,4032.74609375,2790.58984375,0.0,48.28515625,NaN,NaN
64.096,Linux,100.9,17.0,721.8125,4063.6640625,2790.26171875,0.0,54.734375,NaN,NaN
65.097,Linux,101.9,17.8,739.4609375,4082.140625,2789.94140625,0.0,42.77734375,0.300927,3323.06
66.099,Linux,106.9,18.9,856.31640625,4193.50390625,2790.7421875,0.00390625,10.7421875,NaN,NaN
67.1,Linux,106.9,18.1,857.234375,4190.9609375,2790.69921875,0.015625,0.0078125,NaN,NaN
68.101,Linux,108.9,17.3,857.234375,4191.9609375,2790.69921875,0.0,0.0,NaN,NaN
69.103,Linux,108.8,17.3,857.234375,4191.9609375,2790.6953125,0.0,0.0,NaN,NaN
70.104,Linux,107.8,17.1,857.234375,4191.95703125,2790.6953125,0.0,0.0,NaN,NaN
71.105,Linux,108.9,19.3,858.87890625,4198.11328125,2793.6484375,0.0,0.484375,NaN,NaN
72.107,Linux,107.9,17.1,858.87890625,4198.84765625,2793.640625,0.0,0.0,NaN,NaN
73.108,Linux,108.9,17.2,858.87890625,4198.84765625,2793.640625,0.0,0.0,NaN,NaN
74.109,Linux,107.9,17.2,858.87890625,4199.33984375,2793.62890625,0.0,0.0,NaN,NaN
75.111,Linux,108.8,17.4,859.08203125,4200.3046875,2793.50390625,0.0,3.0390625,NaN,NaN
76.112,Linux,108.9,17.0,859.08203125,4200.296875,2793.48828125,0.0,0.0,NaN,NaN
77.113,Linux,108.9,17.6,859.08203125,4200.95703125,2793.37109375,0.0,0.0,NaN,NaN
78.115,Linux,107.9,17.5,859.08203125,4201.16015625,2793.2421875,0.0,0.0,0.0745467,13414.4
79.116,Linux,108.8,17.4,860.46875,4204.30859375,2791.84765625,0.00390625,5.05078125,NaN,NaN
80.118,Linux,108.8,17.1,860.46875,4204.30859375,2791.84765625,0.0,0.0,NaN,NaN
81.119,Linux,108.9,17.3,860.46875,4204.30859375,2791.83203125,0.0,0.0,NaN,NaN
82.12,Linux,109.9,17.3,860.46875,4204.30078125,2791.83203125,0.0,0.0,NaN,NaN
83.122,Linux,107.9,17.7,860.46875,4205.3671875,2791.36328125,0.0,0.0,NaN,NaN
84.123,Linux,107.9,17.6,860.46875,4205.44921875,2791.359375,0.0,0.0,NaN,NaN
85.125,Linux,108.8,22.4,860.46875,4205.0,2791.3515625,0.0,0.0,0.141575,7063.38
86.126,Linux,138.8,32.2,908.16015625,4300.609375,2770.99609375,0.00390625,49.44921875,103.817,9.63236
87.128,Linux,92.9,25.8,908.26171875,4304.5078125,2770.91015625,0.00390625,2.83203125,73.9855,13.5162
88.13,Linux,87.8,22.0,908.3515625,4304.69921875,2770.875,0.00390625,0.05859375,69.8957,14.307
89.131,Linux,84.8,21.7,908.41796875,4304.97265625,2770.82421875,0.00390625,0.17578125,65.0292,15.3777
90.133,Linux,85.9,24.8,908.4453125,4305.48046875,2770.7421875,0.0078125,0.2109375,56.6138,17.6635
91.134,Linux,90.8,22.8,908.6328125,4309.3203125,2770.69140625,0.00390625,0.26171875,51.1416,19.5536
92.137,Linux,82.8,21.8,908.671875,4307.671875,2770.6484375,0.00390625,2.21484375,56.6846,17.6415
93.138,Linux,88.9,22.3,908.71484375,4307.49609375,2770.62109375,0.00390625,0.15625,62.8436,15.9125
94.14,Linux,89.9,22.3,908.76953125,4311.4765625,2770.59765625,0.00390625,0.359375,56.2625,17.7738
95.141,Linux,85.9,22.9,909.01171875,4310.84765625,2770.55078125,0.00390625,0.44140625,51.128,19.5587
96.143,Linux,79.8,21.7,909.0390625,4309.95703125,2770.515625,0.00390625,0.109375,53.1865,18.8018
97.144,Linux,69.9,19.4,909.04296875,4309.16015625,2770.51171875,0.00390625,0.0,60.8152,16.4433
98.146,Linux,81.9,21.8,909.05078125,4308.8828125,2770.50390625,0.00390625,0.109375,59.5236,16.8001
99.147,Linux,84.9,23.2,909.53125,4308.27734375,2770.45703125,0.00390625,1.13671875,61.9148,16.1512
100.149,Linux,78.9,21.7,909.5703125,4308.1875,2770.42578125,0.00390625,0.0234375,57.5018,17.3908
101.15,Linux,84.9,22.4,909.60546875,4308.18359375,2770.3984375,0.00390625,0.015625,62.19,16.0798
102.151,Linux,69.9,19.7,909.609375,4304.16015625,2770.39453125,0.00390625,0.140625,70.7958,14.1251
103.153,Linux,83.9,23.0,909.69921875,4304.40234375,2770.38671875,0.00390625,0.0,56.8869,17.5787
104.155,Linux,78.9,21.5,909.69921875,4304.77734375,2769.87890625,0.00390625,0.109375,49.3718,20.2545
105.156,Linux,82.9,22.1,909.78515625,4305.65234375,2769.7890625,0.00390625,0.18359375,57.7523,17.3153
106.158,Linux,85.8,23.3,911.1484375,4310.58203125,2769.75390625,0.00390625,0.078125,76.2081,13.122
107.16,Linux,87.8,23.1,911.1953125,4310.7265625,2769.734375,0.00390625,2.28125,70.0432,14.2769
108.163,Linux,84.8,22.4,911.28125,4310.6171875,2769.63671875,0.00390625,0.43359375,73.3196,13.6389
109.165,Linux,83.8,22.7,911.3515625,4311.18359375,2769.62109375,0.00390625,0.15234375,65.6387,15.2349
110.167,Linux,84.9,23.1,911.3984375,4311.1796875,2769.58984375,0.0078125,0.01171875,58.3638,17.1339
111.168,Linux,86.8,23.9,911.60546875,4311.47265625,2769.4296875,0.00390625,0.91796875,66.4383,15.0516
112.171,Linux,84.8,22.8,911.73046875,4311.66015625,2769.328125,0.00390625,0.0625,55.3507,18.0666
113.172,Linux,79.9,22.3,911.73046875,4314.71875,2769.328125,0.00390625,0.0,63.5965,15.7241
114.174,Linux,81.9,24.9,911.73046875,4314.0625,2769.31640625,0.00390625,0.0,58.1262,17.2039
115.176,Linux,83.8,22.4,911.7734375,4310.98828125,2769.2734375,0.00390625,4.9453125,56.8143,17.6012
116.178,Linux,80.9,20.3,911.7734375,4310.9609375,2769.2734375,0.0078125,3.08203125,60.3637,16.5663
117.179,Linux,88.9,20.6,911.78125,4310.95703125,2769.2578125,0.00390625,0.0,57.425,17.414
118.181,Linux,86.8,20.3,911.78125,4310.953125,2769.2578125,0.00390625,0.0,61.5048,16.2589
119.183,Linux,83.9,19.4,911.78125,4311.16796875,2769.2578125,0.00390625,0.125,64.8721,15.4149
120.184,Linux,79.9,19.7,911.78125,4311.1640625,2769.2578125,0.00390625,0.0,64.8541,15.4192
121.185,Linux,77.9,19.3,911.78125,4311.7265625,2769.25390625,0.00390625,0.0,60.7388,16.464
122.187,Linux,74.9,18.3,911.78125,4311.88671875,2769.25,0.0078125,0.0,41.4608,24.1192
123.189,Linux,88.8,22.6,911.78125,4311.8828125,2769.25,0.00390625,0.0,49.782,20.0876
124.191,Linux,88.8,23.4,911.7890625,4312.09375,2769.2421875,0.0078125,0.0390625,65.0728,15.3674
125.193,Linux,88.8,23.9,911.7890625,4311.953125,2769.2421875,0.00390625,0.0,57.5925,17.3634
126.195,Linux,90.9,23.9,913.0703125,4313.671875,2769.23046875,0.00390625,0.01953125,50.4291,19.8298
127.196,Linux,92.8,25.1,913.07421875,4313.48046875,2769.21875,0.00390625,0.12109375,59.8418,16.7107
128.198,Linux,88.8,23.9,913.19140625,4317.83984375,2768.9453125,0.00390625,0.203125,53.1551,18.8129
129.2,Linux,93.8,22.6,916.640625,4322.73828125,2768.9140625,0.00390625,3.8359375,60.3518,16.5695
130.203,Linux,93.8,23.6,916.640625,4322.55078125,2768.8984375,0.00390625,0.0,59.879,16.7004
131.204,Linux,89.9,22.7,916.75,4322.6953125,2768.89453125,0.00390625,0.04296875,53.5901,18.6602
132.206,Linux,83.9,22.1,916.75,4322.73828125,2768.89453125,0.00390625,0.0,56.5421,17.6859
133.207,Linux,79.9,24.2,916.75,4322.4609375,2768.89453125,0.00390625,0.12890625,64.5003,15.5038
134.208,Linux,86.9,25.3,916.75,4321.984375,2768.8828125,0.00390625,0.0,67.8846,14.7309
135.21,Linux,83.9,21.2,916.75390625,4321.71875,2768.80859375,0.00390625,0.00390625,61.0367,16.3836
136.211,Linux,80.9,19.7,916.75390625,4321.38671875,2768.80859375,0.00390625,0.0,55.5195,18.0117
137.213,Linux,85.8,20.4,916.75390625,4321.78125,2768.80078125,0.00390625,0.0,67.9915,14.7077
138.215,Linux,90.9,23.2,917.2890625,4321.8828125,2768.7578125,0.00390625,0.80859375,59.5149,16.8025
139.216,Linux,81.9,21.2,917.30078125,4321.84375,2768.74609375,0.00390625,0.01953125,60.2621,16.5942
140.217,Linux,85.9,21.5,917.55078125,4319.984375,2768.7265625,0.0078125,0.4375,63.5133,15.7447
141.219,Linux,83.9,21.7,917.55078125,4319.8203125,2768.7265625,0.00390625,0.0,52.1991,19.1574
142.221,Linux,82.9,21.1,917.55078125,4319.8203125,2768.72265625,0.00390625,0.0,55.7445,17.939
143.222,Linux,82.9,21.4,917.55078125,4320.6640625,2768.72265625,0.00390625,0.37109375,50.4138,19.8358
144.224,Linux,81.9,21.4,917.5546875,4320.5546875,2768.71875,0.00390625,0.109375,70.523,14.1798
145.225,Linux,85.9,22.0,917.5546875,4320.11328125,2768.71875,0.00390625,0.9765625,64.9932,15.3862
146.227,Linux,84.9,22.4,917.5546875,4320.1484375,2768.71875,0.00390625,0.0,55.9837,17.8623
147.228,Linux,84.9,21.7,917.5546875,4319.8671875,2768.71875,0.00390625,0.28125,56.4891,17.7025
148.229,Linux,79.9,22.3,917.5546875,4359.1640625,2768.69921875,0.00390625,0.0,66.9949,14.9265
149.232,Linux,77.8,20.8,917.64453125,4359.15234375,2768.68359375,0.00390625,0.19140625,53.2348,18.7847
150.233,Linux,68.9,19.3,918.84375,4360.11328125,2768.53125,0.00390625,0.34765625,58.1032,17.2108
151.236,Linux,75.8,20.6,918.84375,4359.8515625,2768.52734375,0.00390625,0.0,62.2099,16.0746
152.237,Linux,77.9,21.2,918.9609375,4335.23828125,2768.4765625,0.0078125,1.015625,70.731,14.1381
153.239,Linux,74.9,20.5,919.02734375,4335.28515625,2768.40625,0.0078125,0.0625,63.2248,15.8166
154.241,Linux,74.9,20.6,919.1015625,4335.21484375,2768.3515625,0.00390625,0.06640625,59.7391,16.7394
155.243,Linux,115.7,29.5,919.05859375,4342.609375,2781.95703125,0.00390625,12.29296875,67.2244,14.8756
156.245,Linux,90.8,23.5,919.1875,4340.65234375,2781.89453125,0.00390625,0.3203125,50.219,19.9128
157.247,Linux,91.8,23.5,919.19921875,4340.40625,2781.8828125,0.00390625,0.0625,68.0962,14.6851
158.248,Linux,90.9,24.2,919.19921875,4340.3359375,2781.8828125,0.00390625,0.203125,61.6719,16.2148
159.249,Linux,90.9,22.7,919.21484375,4340.19921875,2781.86328125,0.00390625,0.01171875,71.633,13.9601
160.251,Linux,91.9,22.9,919.21484375,4338.31640625,2781.86328125,0.00390625,0.0,56.2566,17.7757
161.253,Linux,87.8,21.9,919.21875,4337.4609375,2781.859375,0.00390625,0.0,56.1075,17.8229
162.254,Linux,90.9,23.2,919.22265625,4337.41796875,2781.8203125,0.00390625,0.0625,55.7807,17.9273
163.256,Linux,88.8,23.0,919.22265625,4336.9453125,2781.8203125,0.00390625,0.03125,70.3902,14.2065
164.257,Linux,90.8,22.3,919.26953125,4338.37109375,2781.80859375,0.00390625,0.25,61.2882,16.3164
165.259,Linux,95.8,26.1,919.515625,4338.03515625,2781.79296875,0.00390625,0.421875,52.9937,18.8702
166.26,Linux,87.9,25.4,919.52734375,4337.88671875,2781.78125,0.00390625,0.13671875,49.2058,20.3228
167.262,Linux,86.9,24.7,919.52734375,4337.84375,2781.78125,0.00390625,0.15625,61.6119,16.2306
168.263,Linux,90.9,26.5,919.58984375,4338.0625,2781.7734375,0.00390625,0.34375,49.7116,20.116
169.265,Linux,86.8,25.1,919.67578125,4337.67578125,2777.75,0.00390625,0.27734375,53.1143,18.8273
170.266,Linux,88.8,22.7,919.69140625,4337.19140625,2777.7421875,0.00390625,0.0390625,46.3068,21.5951
171.268,Linux,91.8,23.3,919.69140625,4337.1328125,2777.7421875,0.0078125,0.0,43.8233,22.8189
172.27,Linux,86.9,21.5,919.69140625,4337.125,2777.7421875,0.00390625,0.0,62.0337,16.1203
173.272,Linux,90.9,23.0,919.69140625,4337.11328125,2777.73828125,0.00390625,0.296875,64.9293,15.4014
174.273,Linux,93.8,23.4,919.83984375,4336.9453125,2777.73046875,0.00390625,0.41796875,72.372,13.8175
175.275,Linux,85.8,22.0,919.83984375,4337.0234375,2777.73046875,0.00390625,2.109375,63.0687,15.8557
176.277,Linux,93.8,23.0,919.86328125,4337.2265625,2777.7265625,0.00390625,0.30859375,49.9387,20.0246
177.279,Linux,91.8,22.5,919.86328125,4337.2265625,2777.7265625,0.00390625,0.0,64.3542,15.539
178.28,Linux,90.9,23.0,919.91015625,4337.21484375,2777.71875,0.00390625,0.1015625,66.5234,15.0323
179.281,Linux,90.9,23.1,919.91015625,4337.1015625,2777.71484375,0.00390625,0.0,62.364,16.0349
180.282,Linux,96.9,25.7,919.9140625,4336.54296875,2777.7109375,0.00390625,0.2890625,61.4772,16.2662
181.284,Linux,92.8,22.9,919.9140625,4337.2578125,2777.7109375,0.00390625,0.52734375,67.702,14.7706
182.286,Linux,88.9,22.4,919.921875,4337.109375,2777.70703125,0.00390625,0.140625,49.3271,20.2728
183.287,Linux,93.9,24.2,919.921875,4337.05859375,2777.70703125,0.00390625,0.109375,51.6449,19.363
184.288,Linux,89.9,22.6,919.921875,4337.0546875,2777.703125,0.00390625,0.0,58.1339,17.2017
185.289,Linux,88.9,22.4,919.92578125,4337.02734375,2777.69921875,0.0078125,2.1953125,64.3413,15.5421
186.291,Linux,88.8,23.1,919.93359375,4336.97265625,2777.69140625,0.00390625,0.125,54.7666,18.2593
187.292,Linux,87.9,23.0,919.9375,4336.96875,2777.6875,0.00390625,0.0,50.9433,19.6297
188.294,Linux,87.8,23.3,919.9375,4336.94921875,2777.6875,0.00390625,0.078125,54.2379,18.4373
189.297,Linux,88.8,23.4,919.9375,4336.8203125,2777.67578125,0.00390625,0.1875,52.5251,19.0385
190.299,Linux,86.8,21.9,919.94140625,4337.05859375,2777.671875,0.00390625,0.03125,54.2267,18.4411
191.3,Linux,88.8,23.8,919.94140625,4337.21484375,2777.671875,0.00390625,0.0,54.1392,18.4709
192.302,Linux,91.9,22.4,919.9453125,4337.265625,2777.6640625,0.00390625,0.0,58.416,17.1186
193.304,Linux,83.9,21.5,919.94921875,4337.34765625,2777.66015625,0.00390625,0.203125,54.3452,18.4009
194.305,Linux,95.8,24.1,919.95703125,4336.67578125,2777.65234375,0.00390625,1.4140625,80.4351,12.4324
195.307,Linux,95.8,23.8,919.9609375,4339.43359375,2777.6484375,0.00390625,0.03125,72.9876,13.701
196.309,Linux,90.8,23.3,919.9609375,4339.58984375,2777.6484375,0.0078125,2.08984375,70.1675,14.2516
197.31,Linux,84.9,23.0,919.9609375,4339.953125,2777.64453125,0.00390625,0.0,60.1462,16.6261
198.312,Linux,92.9,24.2,921.51171875,4342.15234375,2777.5859375,0.00390625,2.203125,66.0188,15.1472
199.313,Linux,94.9,24.1,921.51171875,4342.140625,2777.5859375,0.00390625,0.0,58.7736,17.0144
200.314,Linux,95.9,24.4,921.515625,4341.57421875,2777.58203125,0.00390625,1.04296875,67.4287,14.8305
201.315,Linux,88.9,23.9,921.5625,4341.703125,2777.55078125,0.00390625,0.0703125,80.5198,12.4193
202.317,Linux,99.8,24.4,921.5625,4341.703125,2777.55078125,0.0078125,0.0,60.4216,16.5504
203.319,Linux,89.9,23.4,921.56640625,4341.9140625,2777.546875,0.00390625,0.28125,60.6345,16.4923
204.32,Linux,89.9,23.9,921.5703125,4342.00390625,2777.5390625,0.00390625,3.48828125,74.0136,13.511
205.321,Linux,93.9,23.6,921.578125,4341.875,2777.53125,0.00390625,0.25,59.7513,16.736
206.323,Linux,93.8,23.8,921.578125,4341.8515625,2777.53125,0.00390625,0.078125,54.6014,18.3146
207.325,Linux,93.9,24.1,921.58203125,4341.81640625,2777.52734375,0.00390625,0.0625,52.3392,19.1062
208.326,Linux,93.9,23.6,921.58203125,4341.734375,2777.5234375,0.00390625,0.27734375,43.2893,23.1004
209.328,Linux,94.9,23.8,921.58203125,4341.73046875,2777.51953125,0.00390625,0.0,49.355,20.2614
210.328,Linux,78.9,21.7,921.58203125,4341.7265625,2777.51953125,0.00390625,0.0,54.8632,18.2271
211.33,Linux,79.9,21.7,921.58984375,4341.5078125,2777.51171875,0.00390625,1.328125,61.5372,16.2503
212.331,Linux,89.9,23.0,921.66015625,4341.62890625,2777.47265625,0.00390625,0.171875,69.258,14.4388
213.333,Linux,91.9,22.8,922.0625,4341.78515625,2777.4453125,0.00390625,0.65625,56.973,17.5522
214.334,Linux,85.9,23.4,922.0625,4342.93359375,2777.4453125,0.00390625,0.0,58.4602,17.1057
215.335,Linux,85.9,22.6,922.0703125,4342.8203125,2777.4375,0.00390625,0.0,61.7919,16.1833
216.337,Linux,80.9,21.7,922.0703125,4342.8203125,2777.4140625,0.0078125,0.0,59.8124,16.719
217.339,Linux,89.8,22.4,922.07421875,4342.80859375,2777.41015625,0.00390625,0.0,76.5235,13.0679
218.341,Linux,91.8,24.3,922.07421875,4343.1640625,2777.40625,0.00390625,0.671875,59.5884,16.7818
219.342,Linux,82.9,22.8,922.0859375,4343.26953125,2777.39453125,0.00390625,0.0,54.6032,18.314
220.343,Linux,79.9,20.8,922.6640625,4343.83984375,2777.37109375,0.00390625,0.78515625,60.7667,16.4564
221.345,Linux,80.9,21.3,922.6640625,4348.06640625,2777.37109375,0.00390625,0.0,81.4545,12.2768
222.346,Linux,83.9,22.2,922.6640625,4346.3046875,2777.37109375,0.00390625,0.0,52.6268,19.0017
223.347,Linux,91.9,23.0,923.50390625,4347.42578125,2777.34375,0.00390625,1.15625,70.8209,14.1201
224.349,Linux,93.9,23.8,923.50390625,4347.40625,2777.34375,0.00390625,0.0,57.5526,17.3754
225.35,Linux,99.9,24.8,923.50390625,4359.7578125,2777.34375,0.00390625,2.1796875,66.9201,14.9432
226.351,Linux,88.9,23.0,923.50390625,4359.6484375,2777.34375,0.00390625,0.4609375,55.5537,18.0006
227.352,Linux,98.9,25.6,923.59765625,4342.265625,2793.62109375,0.00390625,0.77734375,60.1192,16.6336
228.354,Linux,97.8,24.8,923.625,4341.8046875,2793.59375,0.00390625,0.28125,54.655,18.2966
229.355,Linux,102.8,23.7,933.31640625,4352.83203125,2784.0703125,0.00390625,11.56640625,57.9991,17.2417
230.357,Linux,99.8,24.3,933.37890625,4353.0,2784.0,0.00390625,0.15234375,64.5903,15.4822
231.359,Linux,96.8,24.8,933.39453125,4352.94140625,2783.984375,0.00390625,0.2109375,53.576,18.6651
232.36,Linux,90.8,23.7,933.41015625,4353.1640625,2783.97265625,0.0078125,0.296875,67.6199,14.7886
233.362,Linux,91.9,23.4,933.41015625,4353.39453125,2783.97265625,0.00390625,0.0234375,51.9472,19.2503
234.363,Linux,91.9,23.7,933.41015625,4353.3671875,2783.97265625,0.01171875,0.0,43.4449,23.0176
235.364,Linux,99.9,24.9,933.4140625,4353.3515625,2783.96875,0.00390625,0.23046875,44.2971,22.5749
236.366,Linux,91.8,23.9,933.41796875,4353.359375,2783.96484375,0.00390625,0.0,57.4387,17.4099
237.368,Linux,91.8,24.5,933.41796875,4353.359375,2783.9609375,0.00390625,0.125,64.824,15.4264
238.37,Linux,93.8,24.0,933.41796875,4353.23828125,2783.9609375,0.00390625,0.12109375,54.4112,18.3786
239.372,Linux,93.8,23.7,933.52734375,4353.32421875,2783.9296875,0.00390625,0.37890625,71.1307,14.0586
240.373,Linux,93.9,24.7,933.671875,4353.29296875,2783.92578125,0.00390625,0.25,61.7282,16.2001
241.375,Linux,100.8,27.2,933.80859375,4353.36328125,2783.921875,0.00390625,0.64453125,63.7519,15.6858
242.376,Linux,94.8,25.8,933.84765625,4353.17578125,2783.91015625,0.00390625,0.16796875,50.0589,19.9765
243.378,Linux,94.8,24.2,933.8671875,4353.08203125,2783.90234375,0.00390625,0.04296875,66.0883,15.1313
244.38,Linux,96.8,24.7,933.89453125,4352.96484375,2783.875,0.00390625,0.1875,53.8136,18.5827
245.382,Linux,92.8,25.3,933.89453125,4353.1328125,2783.875,0.00390625,0.25,60.0508,16.6526
246.383,Linux,94.8,24.1,933.89453125,4353.3203125,2783.875,0.00390625,0.0,52.8681,18.915
247.385,Linux,97.8,24.0,937.8046875,4356.61328125,2779.96484375,0.00390625,3.2265625,54.9771,18.1894
248.387,Linux,98.8,24.9,937.82421875,4356.7578125,2779.9609375,0.0078125,0.21484375,44.7422,22.3503
249.389,Linux,95.8,23.8,937.82421875,4356.875,2779.9609375,0.00390625,0.0625,64.4008,15.5278
250.391,Linux,98.8,25.2,937.83203125,4356.66796875,2779.953125,0.0078125,0.171875,70.0384,14.2779
251.393,Linux,98.8,24.2,937.83984375,4356.65625,2779.9375,0.00390625,0.125,55.6564,17.9674
252.395,Linux,97.8,24.0,937.84375,4356.65234375,2779.9296875,0.00390625,0.0625,56.2325,17.7833
253.397,Linux,99.8,25.3,937.84765625,4356.63671875,2779.92578125,0.0078125,0.12890625,54.4484,18.366
254.398,Linux,98.8,26.1,937.84765625,4356.6328125,2779.92578125,0.00390625,0.125,52.0899,19.1976
255.39999999999998,Linux,98.8,24.9,937.84765625,4356.8203125,2779.890625,0.00390625,0.015625,53.692,18.6248
256.402,Linux,89.9,22.9,937.8515625,4356.84375,2779.88671875,0.00390625,0.0,56.492,17.7016
257.403,Linux,96.9,24.0,937.9140625,4356.78125,2779.86328125,0.00390625,0.109375,58.4762,17.101
258.404,Linux,97.9,24.6,937.96484375,4356.65234375,2779.8515625,0.00390625,0.078125,57.4913,17.3939
259.406,Linux,98.9,23.9,937.96875,4356.8828125,2779.83984375,0.00390625,0.125,68.2812,14.6453
260.407,Linux,89.9,22.7,937.96875,4356.87109375,2779.83984375,0.01171875,0.125,53.7477,18.6055
261.408,Linux,95.9,24.2,937.97265625,4356.8671875,2779.8359375,0.00390625,0.09375,51.9425,19.2521
262.41,Linux,95.9,25.9,937.97265625,4399.640625,2779.7734375,0.00390625,0.0,52.8916,18.9066
263.412,Linux,98.8,23.4,937.97265625,4400.0,2779.7734375,0.0078125,0.0,63.3742,15.7793
264.414,Linux,87.8,28.4,937.97265625,4399.06640625,2779.7734375,0.00390625,0.0,56.2512,17.7774
265.415,Linux,86.8,32.1,937.98046875,4398.15234375,2779.765625,0.00390625,0.03125,70.1765,14.2498
266.417,Linux,90.9,22.8,937.98046875,4379.3359375,2779.765625,0.00390625,0.125,69.9166,14.3028
267.418,Linux,91.9,23.3,937.98046875,4377.77734375,2779.765625,0.00390625,0.0,49.2335,20.3114
268.419,Linux,94.9,25.0,937.98046875,4377.44921875,2779.765625,0.00390625,0.0,67.5264,14.809
269.42,Linux,92.9,24.9,937.984375,4377.171875,2779.76171875,0.00390625,0.0,50.6406,19.747
270.421,Linux,96.9,23.9,937.984375,4372.27734375,2779.75390625,0.00390625,0.0,64.3125,15.5491
271.423,Linux,98.8,24.6,938.03125,4371.7890625,2779.70703125,0.00390625,0.15625,59.2397,16.8806
272.425,Linux,90.8,23.9,938.0859375,4371.46484375,2779.65234375,0.00390625,0.0625,51.8876,19.2724
273.427,Linux,94.8,23.1,938.08984375,4371.4609375,2779.64453125,0.00390625,0.0,57.7114,17.3276
274.429,Linux,96.8,24.2,938.08984375,4371.453125,2779.64453125,0.00390625,0.0,55.1081,18.1462
275.431,Linux,96.8,25.0,938.08984375,4371.40234375,2779.64453125,0.00390625,0.046875,59.4333,16.8256
276.432,Linux,95.8,25.0,938.08984375,4370.5390625,2779.64453125,0.00390625,0.0625,48.4847,20.6251
277.434,Linux,94.8,22.9,938.09765625,4369.90234375,2779.63671875,0.00390625,0.125,57.4966,17.3923
278.436,Linux,97.8,24.4,938.09765625,4369.48046875,2779.63671875,0.00390625,0.109375,74.7061,13.3858
279.438,Linux,99.8,24.0,938.09765625,4369.4765625,2779.63671875,0.00390625,0.0,52.5732,19.0211
280.44,Linux,96.9,24.6,938.09765625,4369.47265625,2779.63671875,0.0078125,0.0,46.2809,21.6072
281.441,Linux,97.9,24.5,938.16015625,4369.47265625,2779.63671875,0.00390625,0.0859375,65.0659,15.369
282.443,Linux,102.8,24.7,939.2109375,4370.40234375,2779.62890625,0.00390625,0.1796875,65.9857,15.1548
283.445,Linux,97.8,24.0,939.37109375,4370.48046875,2779.62890625,0.00390625,0.55859375,76.8623,13.0103
284.447,Linux,92.8,23.7,939.51953125,4370.1875,2779.625,0.00390625,0.25390625,63.1448,15.8366
285.449,Linux,98.8,24.3,939.51953125,4369.78125,2779.625,0.00390625,0.0,62.3083,16.0492
286.451,Linux,109.7,26.2,944.7890625,4373.71875,2779.62109375,0.00390625,1.16015625,63.2688,15.8056
287.453,Linux,101.8,25.3,945.33203125,4374.83984375,2779.62109375,0.00390625,0.16015625,82.4596,12.1272
288.455,Linux,98.8,24.0,945.33203125,4374.640625,2779.62109375,0.0078125,0.0,62.2224,16.0714
289.457,Linux,99.8,24.5,946.0078125,4375.58984375,2779.62109375,0.00390625,0.32421875,56.053,17.8403
290.459,Linux,94.8,24.1,946.01953125,4375.80078125,2779.609375,0.00390625,0.015625,60.0477,16.6534
291.461,Linux,98.8,23.8,946.01953125,4375.8046875,2779.609375,0.00390625,0.0,72.523,13.7887
292.462,Linux,95.9,24.1,946.01953125,4375.8515625,2779.609375,0.00390625,0.0,56.5402,17.6865
293.463,Linux,100.9,24.9,946.01953125,4376.046875,2779.609375,0.00390625,0.0,69.7568,14.3355
294.465,Linux,98.9,25.1,946.0234375,4376.09375,2779.60546875,0.0078125,0.0,55.3339,18.0721
295.466,Linux,99.9,23.4,946.8359375,4377.24609375,2779.60546875,0.00390625,0.30859375,49.1885,20.33
296.467,Linux,97.9,23.3,946.83984375,4377.08203125,2779.6015625,0.00390625,0.0,51.8241,19.296
297.468,Linux,96.9,23.0,946.83984375,4377.24609375,2779.58984375,0.00390625,0.109375,83.7182,11.9448
298.47,Linux,98.8,23.9,946.84375,4377.41015625,2779.5859375,0.00390625,0.08203125,46.3131,21.5921
299.512,Linux,96.9,24.4,946.84375,4376.75,2779.578125,0.00390625,0.0,60.727,16.4672
300.514,Linux,95.9,25.0,946.84375,4376.75,2779.578125,0.00390625,0.0,53.6754,18.6305
301.515,Linux,102.9,24.0,946.84375,4376.74609375,2779.57421875,0.00390625,0.125,58.7899,17.0097
302.516,Linux,94.9,23.2,946.87109375,4376.93359375,2779.546875,0.00390625,0.015625,60.7777,16.4534
303.518,Linux,92.8,25.7,947.1640625,4377.1484375,2779.546875,0.0078125,0.0625,72.2699,13.837
304.519,Linux,96.9,24.4,947.1640625,4377.14453125,2779.546875,0.00390625,0.0,58.2348,17.1719
305.52,Linux,93.9,23.5,947.1640625,4377.140625,2779.53515625,0.00390625,0.0078125,64.2018,15.5759
306.522,Linux,93.8,23.1,947.1796875,4377.140625,2779.51953125,0.00390625,0.0078125,61.8955,16.1563
307.524,Linux,89.8,23.9,947.1796875,4377.12890625,2779.51953125,0.00390625,0.125,48.1424,20.7717
308.525,Linux,92.9,22.8,947.18359375,4377.12109375,2779.515625,0.00390625,0.0,61.2858,16.317
309.527,Linux,96.8,23.3,947.18359375,4377.109375,2779.515625,0.00390625,0.0,61.2038,16.3389
310.529,Linux,89.8,24.2,947.18359375,4377.10546875,2779.515625,0.00390625,0.0,57.9417,17.2587
311.531,Linux,93.8,24.0,947.1875,4377.09765625,2779.51171875,0.01171875,0.0,72.7102,13.7532
312.532,Linux,91.9,22.6,947.1875,4377.09375,2779.51171875,0.00390625,0.0,59.2357,16.8817
313.533,Linux,96.9,23.6,947.1875,4377.04296875,2779.5078125,0.00390625,0.046875,48.4906,20.6225
314.534,Linux,100.9,24.3,947.19140625,4377.02734375,2779.50390625,0.00390625,0.046875,57.9311,17.2619
315.535,Linux,93.9,23.3,947.1953125,4376.96875,2779.49609375,0.00390625,0.0,59.3951,16.8364
316.536,Linux,99.9,23.9,947.1953125,4377.20703125,2779.4921875,0.00390625,0.0,48.7466,20.5143
317.538,Linux,98.8,24.3,947.1953125,4377.20703125,2779.4921875,0.00390625,0.0,60.8317,16.4388
318.539,Linux,96.9,23.4,947.1953125,4377.19921875,2779.4921875,0.00390625,0.125,53.4472,18.71
319.541,Linux,105.8,24.6,947.19921875,4377.1953125,2779.484375,0.00390625,0.0,47.7142,20.9581
320.542,Linux,96.8,23.3,947.203125,4377.17578125,2779.48046875,0.00390625,0.0,49.3704,20.255
321.544,Linux,99.8,23.9,947.203125,4377.171875,2779.48046875,0.00390625,0.0,66.3171,15.0791
322.546,Linux,99.8,24.2,947.203125,4377.16796875,2779.48046875,0.00390625,0.0,62.3502,16.0384
323.548,Linux,96.8,22.9,947.20703125,4377.40625,2779.47265625,0.00390625,0.0,67.139,14.8945
324.55,Linux,96.8,23.9,947.20703125,4377.40234375,2779.47265625,0.0078125,0.0,65.1536,15.3483
325.551,Linux,92.8,23.4,947.20703125,4377.3984375,2779.47265625,0.00390625,0.0,56.8263,17.5975
326.553,Linux,92.9,22.5,947.2109375,4377.3828125,2779.46875,0.00390625,0.0,60.1809,16.6166
327.555,Linux,101.8,24.7,947.21484375,4377.375,2779.46484375,0.00390625,0.0,63.075,15.8541
328.557,Linux,101.8,23.5,947.21484375,4377.37109375,2779.46484375,0.00390625,0.0,59.9149,16.6903
329.558,Linux,94.9,23.0,947.21484375,4377.3671875,2779.46484375,0.00390625,0.0,46.2146,21.6382
330.56,Linux,97.8,23.7,947.21484375,4377.36328125,2779.45703125,0.00390625,0.125,54.2488,18.4336
331.562,Linux,83.9,20.8,947.21875,4377.35546875,2779.453125,0.00390625,0.0,63.2385,15.8131
332.564,Linux,91.8,21.9,947.22265625,4377.33984375,2779.44921875,0.00390625,0.0,63.0416,15.8625
333.565,Linux,97.8,23.8,947.22265625,4377.3359375,2779.44921875,0.00390625,0.0,54.5267,18.3396
334.567,Linux,92.8,23.2,947.22265625,4377.33203125,2779.44921875,0.00390625,0.0,59.1001,16.9205
335.569,Linux,94.8,23.2,947.22265625,4377.328125,2779.44921875,0.00390625,0.0,58.2004,17.182
336.571,Linux,96.8,22.8,947.2265625,4377.3203125,2779.44140625,0.00390625,0.0,61.5069,16.2583
337.573,Linux,96.8,22.9,947.2265625,4377.3203125,2779.44140625,0.00390625,0.0,65.5472,15.2562
338.574,Linux,92.9,23.7,947.23046875,4377.30859375,2779.43359375,0.00390625,0.0,68.2312,14.656
339.575,Linux,94.9,23.0,947.23046875,4377.55078125,2779.43359375,0.00390625,0.0,65.0677,15.3686
340.576,Linux,96.9,23.6,947.234375,4377.53515625,2779.4296875,0.00390625,0.0,65.3323,15.3064
341.578,Linux,96.9,23.6,947.234375,4377.53125,2779.4296875,0.00390625,0.0,59.016,16.9446
342.58,Linux,92.8,23.2,947.234375,4377.52734375,2779.4296875,0.00390625,0.0,53.9525,18.5348
343.581,Linux,95.9,23.2,947.234375,4377.5234375,2779.4296875,0.01171875,0.0,58.8271,16.999
344.582,Linux,94.8,23.5,947.23828125,4377.515625,2779.42578125,0.00390625,0.0,51.7225,19.3339
345.584,Linux,98.9,27.4,947.2421875,4377.30078125,2779.421875,0.00390625,0.20703125,52.0722,19.2041
346.585,Linux,97.9,28.4,947.2421875,4377.2890625,2779.421875,0.00390625,0.0,60.7547,16.4596
347.587,Linux,94.8,28.5,947.2421875,4377.5,2779.421875,0.00390625,0.03125,59.818,16.7174
348.588,Linux,92.8,28.3,947.24609375,4377.4921875,2779.4140625,0.00390625,0.0,52.6664,18.9875
349.59,Linux,93.9,28.5,947.89453125,4377.8984375,2779.4140625,0.00390625,0.08203125,56.0566,17.8391
350.591,Linux,92.9,28.6,947.89453125,4377.82421875,2779.4140625,0.00390625,0.03125,82.1878,12.1673
351.592,Linux,91.9,25.7,947.90234375,4377.90625,2779.40234375,0.00390625,0.125,58.836,16.9964
352.593,Linux,93.9,23.9,947.90625,4377.890625,2779.3984375,0.00390625,0.0,63.2939,15.7993
353.595,Linux,94.9,23.1,947.90625,4377.88671875,2779.3984375,0.00390625,0.0,63.4455,15.7616
354.597,Linux,89.8,23.1,947.90625,4378.12890625,2779.390625,0.00390625,0.0,61.4071,16.2848
355.598,Linux,75.9,19.1,947.90625,4378.125,2779.390625,0.01171875,0.0,56.7141,17.6323
356.599,Linux,88.9,22.4,947.91015625,4378.11328125,2779.38671875,0.00390625,0.0,59.2286,16.8837
357.6,Linux,90.9,22.1,948.03515625,4378.109375,2779.37890625,0.00390625,0.71875,55.1831,18.1215
358.602,Linux,96.8,23.0,948.03515625,4378.109375,2779.37890625,0.00390625,0.0,53.149,18.815
359.604,Linux,95.8,23.4,948.03515625,4378.1015625,2779.37890625,0.00390625,0.0,50.8429,19.6684
360.605,Linux,100.9,24.7,948.234375,4378.6484375,2779.359375,0.00390625,6.10546875,54.8557,18.2296
361.606,Linux,95.9,22.7,948.234375,4378.625,2779.359375,0.00390625,0.0,51.8399,19.2902
362.608,Linux,93.9,23.2,948.234375,4378.49609375,2779.359375,0.00390625,0.0,66.2736,15.089
363.61,Linux,94.8,24.1,948.23828125,4378.47265625,2779.35546875,0.00390625,0.015625,62.9011,15.898
364.611,Linux,95.8,22.9,948.23828125,4374.8984375,2779.35546875,0.00390625,0.0,61.8241,16.1749
365.613,Linux,93.9,23.4,948.2421875,4378.171875,2779.3515625,0.00390625,0.0,65.5715,15.2505
366.614,Linux,96.8,23.7,948.2421875,4378.1484375,2779.3515625,0.00390625,0.0,66.9873,14.9282
367.616,Linux,95.8,23.4,948.2421875,4378.14453125,2779.3515625,0.00390625,0.0,57.7077,17.3287
368.617,Linux,91.9,23.5,948.2421875,4378.140625,2779.3515625,0.00390625,0.0,65.1847,15.341
369.619,Linux,96.9,23.1,948.25,4378.12890625,2779.34375,0.00390625,0.0,66.1069,15.127
370.62,Linux,95.8,23.8,948.7109375,4377.82421875,2779.33984375,0.00390625,0.42578125,66.327,15.0768
371.622,Linux,101.8,24.2,948.8515625,4377.69140625,2779.33984375,0.00390625,0.12890625,60.6396,16.4909
372.623,Linux,95.9,23.3,948.8515625,4378.1796875,2779.33984375,0.00390625,0.2109375,42.5665,23.4926
373.624,Linux,94.9,23.2,948.85546875,4378.171875,2779.3359375,0.00390625,0.0,55.1526,18.1315
374.625,Linux,94.9,23.5,948.85546875,4378.3984375,2779.3359375,0.01171875,0.015625,60.5819,16.5066
375.627,Linux,94.8,23.7,948.859375,4378.6171875,2779.33203125,0.00390625,0.01953125,86.8022,11.5204
376.628,Linux,90.8,23.4,948.859375,4378.61328125,2779.33203125,0.00390625,0.0,56.0273,17.8484
377.63,Linux,95.8,24.1,948.86328125,4378.48046875,2779.31640625,0.00390625,0.08984375,49.9182,20.0328
378.632,Linux,96.8,24.2,949.67578125,4379.4375,2779.26953125,0.00390625,1.0546875,54.2818,18.4224
379.634,Linux,95.8,22.9,949.67578125,4379.43359375,2779.26953125,0.00390625,0.0,57.4554,17.4048
380.636,Linux,101.8,24.7,951.60546875,4382.20703125,2779.265625,0.00390625,4.30078125,46.5683,21.4738
381.637,Linux,98.8,25.5,951.61328125,4382.0703125,2779.2578125,0.00390625,0.0,58.9556,16.9619
382.639,Linux,98.8,24.0,951.63671875,4382.06640625,2779.25390625,0.00390625,0.0,50.5174,19.7952
383.641,Linux,99.8,24.1,951.63671875,4382.05078125,2779.25,0.00390625,0.0,64.3514,15.5397
384.642,Linux,96.9,23.1,951.64453125,4380.046875,2779.25,0.00390625,0.0,58.4663,17.1039
385.644,Linux,88.8,22.7,955.0625,4383.40625,2779.2421875,0.00390625,3.375,51.5328,19.4051
386.646,Linux,94.8,23.4,955.0625,4383.3984375,2779.2421875,0.0078125,0.0,70.5522,14.1739
387.647,Linux,97.8,24.6,955.06640625,4387.390625,2779.23828125,0.00390625,0.0,69.5296,14.3824
388.649,Linux,95.8,24.6,957.296875,4389.45703125,2779.234375,0.00390625,2.3515625,59.8716,16.7024
389.651,Linux,100.8,25.7,957.30078125,4389.453125,2779.23046875,0.00390625,0.0,57.3525,17.436
390.652,Linux,99.8,25.1,957.3046875,4389.4453125,2779.2265625,0.00390625,0.0,64.5399,15.4943
391.654,Linux,101.8,24.6,957.3046875,4389.453125,2779.2265625,0.00390625,0.20703125,63.8235,15.6682
392.655,Linux,95.9,24.5,957.3046875,4389.46484375,2779.2265625,0.00390625,0.0,68.1513,14.6732
393.656,Linux,94.9,24.4,957.30859375,4389.42578125,2779.22265625,0.00390625,0.03125,49.5645,20.1757
394.657,Linux,90.9,23.1,957.3125,4389.40234375,2779.20703125,0.00390625,0.015625,54.0504,18.5012
395.659,Linux,91.9,23.5,957.3125,4389.3984375,2779.20703125,0.00390625,0.0,54.8421,18.2342
396.66,Linux,97.9,24.5,957.3125,4389.38671875,2779.20703125,0.00390625,0.0,63.7917,15.676
397.662,Linux,93.8,22.4,957.3125,4389.62890625,2779.20703125,0.00390625,0.0,58.8121,17.0033
398.664,Linux,88.8,22.7,957.31640625,4389.62890625,2779.203125,0.00390625,0.0,53.5608,18.6704
399.665,Linux,93.9,22.5,957.375,4389.49609375,2779.1953125,0.00390625,0.18359375,55.3171,18.0776
400.666,Linux,94.9,24.2,957.375,4389.4921875,2779.1953125,0.00390625,0.0,58.5194,17.0883
401.667,Linux,86.9,22.0,957.375,4389.48828125,2779.1953125,0.00390625,0.0,66.2126,15.1029
402.669,Linux,87.9,21.5,957.37890625,4389.48046875,2779.19140625,0.00390625,0.0,50.1879,19.9251
403.671,Linux,96.8,23.4,957.37890625,4389.4765625,2779.19140625,0.00390625,0.0,46.0873,21.698
404.673,Linux,97.8,23.7,957.37890625,4389.46484375,2779.19140625,0.00390625,0.0,41.1724,24.2881
405.674,Linux,100.8,28.1,957.5,4389.5234375,2779.18359375,0.01171875,0.4453125,59.8739,16.7018
406.676,Linux,97.8,40.0,957.50390625,4394.734375,2783.21875,0.01171875,0.03125,69.3361,14.4225
407.677,Linux,103.9,28.2,957.50390625,4395.3203125,2783.203125,0.00390625,0.203125,51.7294,19.3314
408.679,Linux,110.8,26.5,957.71484375,4395.5546875,2783.0546875,0.0078125,5.74609375,73.2859,13.6452
409.681,Linux,106.8,27.3,957.71484375,4395.52734375,2783.0546875,0.00390625,0.0,52.4724,19.0576
410.682,Linux,110.9,28.6,958.13671875,4385.30859375,2806.140625,0.01171875,12.6953125,65.2943,15.3153
411.683,Linux,102.9,26.1,958.140625,4385.69140625,2806.1328125,0.00390625,0.21875,62.4368,16.0162
412.685,Linux,99.9,25.1,958.140625,4385.87109375,2806.1328125,0.00390625,0.046875,51.2843,19.4992
413.687,Linux,96.8,23.8,958.140625,4385.796875,2806.1328125,0.00390625,0.0703125,63.1193,15.843
414.688,Linux,93.8,22.1,958.140625,4385.7734375,2806.1328125,0.0078125,4.046875,61.951,16.1418
415.69,Linux,89.9,23.5,958.16015625,4385.60546875,2806.1171875,0.0078125,0.01171875,59.1195,16.9149
416.691,Linux,13.0,16.7,958.16015625,4389.45703125,2801.5546875,0.0,0.0,NaN,NaN
417.693,Linux,15.0,17.6,958.1640625,4389.45703125,2801.55078125,0.0,0.0,NaN,NaN
418.694,Linux,12.0,10.0,958.16796875,4418.2265625,2776.12890625,0.0,0.0,NaN,NaN
419.696,Linux,12.0,15.1,958.17578125,3307.625,2672.890625,8.2265625,390.94921875,NaN,NaN
420.697,Linux,12.0,13.4,958.17578125,3319.28515625,2651.2109375,0.0,0.0,0.173826,5752.9
421.699,Linux,60.9,12.1,958.18359375,2391.80859375,2531.4609375,7.90625,531.671875,NaN,NaN
422.7,Linux,107.9,17.3,958.18359375,2390.7734375,2531.4609375,0.0234375,0.2421875,36.1893,27.6325
423.701,Linux,103.9,14.8,958.1953125,2388.16796875,2531.44921875,0.00390625,1.7890625,0.710771,1406.92
424.703,Linux,106.8,15.9,958.34375,2382.9453125,2531.30078125,0.01171875,41.9765625,63.1027,15.8472
425.705,Linux,50.9,12.5,960.46875,2385.90625,2529.1796875,0.0078125,7.84765625,58.8575,16.9902
426.706,Linux,49.9,13.2,961.5546875,2383.859375,2528.23046875,0.03515625,0.9453125,61.3244,16.3067
427.708,Linux,48.9,12.1,961.55859375,2384.3984375,2528.2265625,0.00390625,0.02734375,59.5261,16.7994
428.71,Linux,47.9,13.6,961.55859375,2384.640625,2528.21875,0.00390625,0.0,60.494,16.5306
429.712,Linux,47.9,12.1,961.55859375,2384.63671875,2528.21875,0.00390625,0.0,60.5242,16.5223
430.713,Linux,46.9,11.4,961.55859375,2384.6328125,2528.21875,0.00390625,0.0,59.6945,16.752
431.715,Linux,62.9,18.2,962.796875,2450.828125,2142.296875,0.0234375,36.04296875,NaN,NaN
